LOCATION,PARENT,SYSTEMID
REGION1,,CONTAINMENT
SUBSTATION_LILY,REGION1,CONTAINMENT
LILY 9038,SUBSTATION_LILY,CONTAINMENT
SUBSTATION_NIXON,REGION1,CONTAINMENT
NIXON9141,SUBSTATION_NIXON,CONTAINMENT
SUBSTATION_COMLK,REGION1,CONTAINMENT
COMLK9050,SUBSTATION_COMLK,CONTAINMENT
LILY 9120,SUBSTATION_LILY,CONTAINMENT
LILY 9126,SUBSTATION_LILY,CONTAINMENT
COMLK,SUBSTATION_COMLK,CONTAINMENT
NIXON,SUBSTATION_NIXON,CONTAINMENT
COMLK9525,SUBSTATION_COMLK,CONTAINMENT
COMLK9020,SUBSTATION_COMLK,CONTAINMENT
COMLK9524,SUBSTATION_COMLK,CONTAINMENT
COMLK9539,SUBSTATION_COMLK,CONTAINMENT
COMLK9538,SUBSTATION_COMLK,CONTAINMENT
NIXON9098,SUBSTATION_NIXON,CONTAINMENT
NIXON9061,SUBSTATION_NIXON,CONTAINMENT
NIXON8932,SUBSTATION_NIXON,CONTAINMENT
NIXON8223,SUBSTATION_NIXON,CONTAINMENT
NIXON8926,SUBSTATION_NIXON,CONTAINMENT
NIXON8201,SUBSTATION_NIXON,CONTAINMENT
NIXON8197,SUBSTATION_NIXON,CONTAINMENT
NIXON8943,SUBSTATION_NIXON,CONTAINMENT
LILY,SUBSTATION_LILY,CONTAINMENT
LILY 8955,SUBSTATION_LILY,CONTAINMENT
LILY 9105,SUBSTATION_LILY,CONTAINMENT
LILY 9253,SUBSTATION_LILY,CONTAINMENT
ST_1393137,LILY,CONTAINMENT
ST_1393138,LILY,CONTAINMENT
ST_1400501,COMLK,CONTAINMENT
ST_1400502,COMLK,CONTAINMENT
ST_1400503,COMLK,CONTAINMENT
ST_1400504,COMLK,CONTAINMENT
ST_1400505,COMLK,CONTAINMENT
ST_1400506,COMLK,CONTAINMENT
ST_1400507,COMLK,CONTAINMENT
ST_1400508,COMLK,CONTAINMENT
ST_1400517,NIXON9098,CONTAINMENT
ST_1400518,NIXON9098,CONTAINMENT
ST_1400519,NIXON,CONTAINMENT