GROUPNAME,METERNAME,METERTYPE,DOMAINID
CB_MG,TIME-TRA,CHARACTERISTIC,CONDITION
CB_MG,TANK-MECH,CHARACTERISTIC,CONDITION
CB_MG,STOR-ENER,CHARACTERISTIC,CONDITION
CB_MG,OVER-CBC,CHARACTERISTIC,CONDITION
CB_MG,BRK-OILAN,CHARACTERISTIC,CONDITION
CB_MG,LEAKS,CHARACTERISTIC,CONDITION
CB_MG,FOSU-SG,CHARACTERISTIC,CONDITION
CB_MG,CRL-MECO,CHARACTERISTIC,CONDITION
CB_MG,CONT-RES,CHARACTERISTIC,CONDITION
CB_MG,BS-INSUL,CHARACTERISTIC,CONDITION
CB_MG,AIR-CS,CHARACTERISTIC,CONDITION
CB_MG,TRI-CR,CHARACTERISTIC,CONDITION
CB_MG,SUP-DINS,CHARACTERISTIC,CONDITION
CB_MG,SF6-LEAK,CHARACTERISTIC,CONDITION
CB_MG,PVH-CMB,CHARACTERISTIC,CONDITION
CB_MG,MOI-CONT,CHARACTERISTIC,CONDITION
CB_MG,MEC-CCOM,CHARACTERISTIC,CONDITION
CB_MG,GAS-ANAL,CHARACTERISTIC,CONDITION
CB_MG,GRAD-CAP,CHARACTERISTIC,CONDITION
CB_MG,DRCB-VAL,CHARACTERISTIC,CONDITION
CB_MG,CONV-MEBC,CHARACTERISTIC,CONDITION
CB_MG,CNB-VALC,CHARACTERISTIC,CONDITION
CB_MG,ARC-CHUTE,CHARACTERISTIC,CONDITION
CB_MG,AHS-RET,CHARACTERISTIC,CONDITION
CB_MG,AIR-LEAK,CHARACTERISTIC,CONDITION
CB_MG,VB-INTE,CHARACTERISTIC,CONDITION
CB_MG,SD-INSUL,CHARACTERISTIC,CONDITION
CB_MG,MECH-CC,CHARACTERISTIC,CONDITION
CB_MG,BUSHING,CHARACTERISTIC,CONDITION
CB_MG,ENTR-GR,CHARACTERISTIC,CONDITION
CB_MG,CON-CON,CHARACTERISTIC,CONDITION