GROUPNAME,METERNAME,METERTYPE,DOMAINID,DESCRIPTION
ST_MG,B-CONDIT,CHARACTERISTIC,CONDITION,Bushing Condition
ST_MG,OIL-LEAKS,CHARACTERISTIC,CONDITION,Oil Leaks
ST_MG,MAIN-TCC,CHARACTERISTIC,CONDITION,Main Tank/Cabinets and Controls
ST_MG,CO-PRES,CHARACTERISTIC,CONDITION,Conservator/Oil Preservation System (Airbag Integrity)
ST_MG,RC-SYS,CHARACTERISTIC,CONDITION,Radiators/Cooling System
ST_MG,FS-SG,CHARACTERISTIC,CONDITION,Foundation/Support Steel/Ground
ST_MG,OVER-PT,CHARACTERISTIC,CONDITION,Overall Power Transformer
ST_MG,WINDDT,CHARACTERISTIC,CONDITION,Winding Doble Test
ST_MG,OIL-QT,CHARACTERISTIC,CONDITION,Oil Quality Test
ST_MG,ST-THERM,CHARACTERISTIC,CONDITION,ST Thermograph (IR)
ST_MG,B-DGAOA,CHARACTERISTIC,CONDITION,Bushing DGA Oil Analysis
ST_MG,FUR-OA,CHARACTERISTIC,CONDITION,Furan Oil Analysis
ST_MG,TANK-CON,CHARACTERISTIC,CONDITION,Tank Condition
ST_MG,TANK-L,CHARACTERISTIC,CONDITION,Tank Leaks
ST_MG,GS-PR,CHARACTERISTIC,CONDITION,Gaskets Seals and Pressure Relief
ST_MG,LTC-CMC,CHARACTERISTIC,CONDITION,LTC Control and Mechanism Cabinet
ST_MG,CTRMEC-CO,CHARACTERISTIC,CONDITION,Control and Mechanisms Cabinet Component and operation
ST_MG,OVER-TCC,CHARACTERISTIC,CONDITION,Overall Tap Changer Condition
ST_MG,TC-OQT,CHARACTERISTIC,CONDITION,TC Oil Quality Tests
ST_MG,TC-QT,CHARACTERISTIC,CONDITION,
ST_MG,DGAR-H2,GAUGE,,DGARAW H2
ST_MG,DGAR-CH4,GAUGE,,DGARAW CH4
ST_MG,DGAR-C2H4,GAUGE,,DGARAW C2H4
ST_MG,DGAR-C2H6,GAUGE,,DGARAW C2H6
ST_MG,DGAR-C2H2,GAUGE,,DGARAW C2H2
ST_MG,DGAR-CO,GAUGE,,DGARAW CO
ST_MG,DGAR-CO2,GAUGE,,DGARAW CO2
ST_MG,DGAR-C3H6,GAUGE,,DGARAW C3H6
ST_MG,DGAR-C3H5,GAUGE,,DGARAW C3H5
ST_MG,DGAR-C4,GAUGE,,DGARAW C4
ST_MG,DGAR-N2,GAUGE,,DGARAW N2
ST_MG,DGAR-O2,GAUGE,,DGARAW O2
