GROUPNAME,METERNAME,METERTYPE,DOMAINID
SG_MG,S-BSIN,CHARACTERISTIC,CONDITION
SG_MG,S-SF6L,CHARACTERISTIC,CONDITION
SG_MG,S-TMD,CHARACTERISTIC,CONDITION
SG_MG,S-CMBC,CHARACTERISTIC,CONDITION
SG_MG,S-CNBVC,CHARACTERISTIC,CONDITION
SG_MG,S-GC,CHARACTERISTIC,CONDITION
SG_MG,S-CBFSSG,CHARACTERISTIC,CONDITION
SG_MG,S-OVCBC,CHARACTERISTIC,CONDITION
SG_MG,S-TIMET,CHARACTERISTIC,CONDITION
SG_MG,S-CBCR,CHARACTERISTIC,CONDITION
SG_MG,S-AHSRT,CHARACTERISTIC,CONDITION
SG_MG,S-CBGA,CHARACTERISTIC,CONDITION
SG_MG,S-ENBC,CHARACTERISTIC,CONDITION
SG_MG,S-SF6LGS,CHARACTERISTIC,CONDITION
SG_MG,S-ENCC,CHARACTERISTIC,CONDITION
SG_MG,S-CCOM,CHARACTERISTIC,CONDITION
SG_MG,S-MECL,CHARACTERISTIC,CONDITION
SG_MG,S-BCC,CHARACTERISTIC,CONDITION
SG_MG,S-II,CHARACTERISTIC,CONDITION
SG_MG,S-BFSSG,CHARACTERISTIC,CONDITION
SG_MG,S-OVGBC,CHARACTERISTIC,CONDITION
SG_MG,S-BGA,CHARACTERISTIC,CONDITION
SG_MG,S-SDI,CHARACTERISTIC,CONDITION
SG_MG,S-DSCMBC,CHARACTERISTIC,CONDITION
SG_MG,S-GBRG,CHARACTERISTIC,CONDITION
SG_MG,S-DSFSSG,CHARACTERISTIC,CONDITION
SG_MG,S-OVDSC,CHARACTERISTIC,CONDITION
SG_MG,S-TCO,CHARACTERISTIC,CONDITION
SG_MG,S-DSCR,CHARACTERISTIC,CONDITION
