[
    {
        "id": "f6f2187d.f17ca8",
        "type": "tab",
        "label": "CSV to MQTT",
        "disabled": false,
        "info": ""
    },
    {
        "id": "ea2d9eb578c2920c",
        "type": "comment",
        "z": "f6f2187d.f17ca8",
        "name": "CSV to MQTT to Monitor through a single device",
        "info": "",
        "x": 200,
        "y": 1000,
        "wires": []
    },
    {
        "id": "baf77679a24861ba",
        "type": "chunks-to-lines",
        "z": "f6f2187d.f17ca8",
        "name": "",
        "nbLines": "1000",
        "linesFormat": "csv",
        "decoder": "UTF-8",
        "x": 460,
        "y": 1160,
        "wires": [
            [
                "cc38e10051de3b3a"
            ]
        ]
    },
    {
        "id": "cc38e10051de3b3a",
        "type": "csv",
        "z": "f6f2187d.f17ca8",
        "name": "",
        "sep": ",",
        "hdrin": true,
        "hdrout": "none",
        "multi": "one",
        "ret": "\\n",
        "temp": "",
        "skip": "0",
        "strings": false,
        "include_empty_strings": "",
        "include_null_values": "",
        "x": 630,
        "y": 1160,
        "wires": [
            [
                "0d66986565404fe0"
            ]
        ]
    },
    {
        "id": "37238cc120e9e038",
        "type": "ui_upload",
        "z": "f6f2187d.f17ca8",
        "group": "9a057908.25fdc8",
        "title": "Upload CSV with a single device",
        "name": "uploadCSVwithSingleDevice",
        "order": 3,
        "width": 6,
        "height": 6,
        "chunk": "512",
        "transfer": "binary",
        "x": 130,
        "y": 1100,
        "wires": [
            [
                "baf77679a24861ba",
                "8d6257872f3d8d12"
            ]
        ]
    },
    {
        "id": "0d66986565404fe0",
        "type": "delay",
        "z": "f6f2187d.f17ca8",
        "name": "",
        "pauseType": "rate",
        "timeout": "10",
        "timeoutUnits": "seconds",
        "rate": "10",
        "nbRateUnits": "1",
        "rateUnits": "second",
        "randomFirst": "1",
        "randomLast": "5",
        "randomUnits": "seconds",
        "drop": false,
        "allowrate": false,
        "outputs": 1,
        "x": 800,
        "y": 1160,
        "wires": [
            [
                "83d7ed67ef91baec"
            ]
        ]
    },
    {
        "id": "3cc11d24.ff01a2",
        "type": "comment",
        "z": "f6f2187d.f17ca8",
        "name": "WARNING: please check you have started this container with a volume that is mounted to /data\\n otherwise any flow changes are lost when you redeploy or upgrade the container\\n (e.g. upgrade to a more recent node-red docker image).\\n  If you are using named volumes you can ignore this warning.\\n Double click or see info side panel to learn how to start Node-RED in Docker to save your work",
        "info": "\nTo start docker with a bind mount volume (-v option), for example:\n\n```\ndocker run -it -p 1880:1880 -v /home/user/node_red_data:/data --name mynodered nodered/node-red\n```\n\nwhere `/home/user/node_red_data` is a directory on your host machine where you want to store your flows.\n\nIf you do not do this then you can experiment and redploy flows, but if you restart or upgrade the container the flows will be disconnected and lost. \n\nThey will still exist in a hidden data volume, which can be recovered using standard docker techniques, but that is much more complex than just starting with a named volume as described above.",
        "x": 350,
        "y": 80,
        "wires": []
    },
    {
        "id": "8d6257872f3d8d12",
        "type": "function",
        "z": "f6f2187d.f17ca8",
        "name": "Clear once",
        "func": "if (msg.parts.index == 0){\n    return msg;\n}\n",
        "outputs": 1,
        "noerr": 0,
        "initialize": "",
        "finalize": "",
        "libs": [],
        "x": 410,
        "y": 1040,
        "wires": [
            [
                "282dc5322e3e589b"
            ]
        ]
    },
    {
        "id": "282dc5322e3e589b",
        "type": "ui_button",
        "z": "f6f2187d.f17ca8",
        "name": "",
        "group": "9a057908.25fdc8",
        "order": 3,
        "width": "0",
        "height": "0",
        "passthru": true,
        "label": "Clear Lines",
        "tooltip": "",
        "color": "",
        "bgcolor": "",
        "className": "",
        "icon": "",
        "payload": "0",
        "payloadType": "num",
        "topic": "_parts.lines",
        "topicType": "str",
        "x": 610,
        "y": 1040,
        "wires": [
            [
                "b73fe34ba88cad16"
            ]
        ]
    },
    {
        "id": "b73fe34ba88cad16",
        "type": "ui_text",
        "z": "f6f2187d.f17ca8",
        "group": "9a057908.25fdc8",
        "order": 2,
        "width": 0,
        "height": 0,
        "name": "",
        "label": "Lines injected:",
        "format": "{{msg.lines}}",
        "layout": "row-spread",
        "className": "",
        "x": 1560,
        "y": 1040,
        "wires": []
    },
    {
        "id": "8f433515dc4d9e04",
        "type": "function",
        "z": "f6f2187d.f17ca8",
        "name": "Ready for next lines",
        "func": "msg.lines = msg._parts.lines -1;\n\nif (msg.error == null) {\n    return [msg, { tick: true }];\n} else {\n    return [null, { tick: true }];\n}\n\n",
        "outputs": 2,
        "noerr": 0,
        "initialize": "",
        "finalize": "",
        "libs": [],
        "x": 1200,
        "y": 1080,
        "wires": [
            [
                "b73fe34ba88cad16",
                "1a2bd8cf10875a6c"
            ],
            [
                "baf77679a24861ba"
            ]
        ]
    },
    {
        "id": "1a2bd8cf10875a6c",
        "type": "debug",
        "z": "f6f2187d.f17ca8",
        "name": "Progress",
        "active": false,
        "tosidebar": true,
        "console": false,
        "tostatus": true,
        "complete": "true",
        "targetType": "full",
        "statusVal": "lines",
        "statusType": "msg",
        "x": 1560,
        "y": 1100,
        "wires": []
    },
    {
        "id": "cb98688bd0cce4f4",
        "type": "mqtt out",
        "z": "f6f2187d.f17ca8",
        "name": "Send MQTT event to a device to MAS Monitor",
        "topic": "",
        "qos": "",
        "retain": "",
        "respTopic": "",
        "contentType": "",
        "userProps": "",
        "correl": "",
        "expiry": "",
        "broker": "74eae28f.f6e6f4",
        "x": 1380,
        "y": 1160,
        "wires": []
    },
    {
        "id": "83d7ed67ef91baec",
        "type": "function",
        "z": "f6f2187d.f17ca8",
        "name": "Set MQTT event",
        "func": "// set event, must match the event name on the device type in Monitor setup\nlet eventName = \"event_1\";\n\nlet eventFormat = \"json\";\n\nmsg.topic = \"iot-2/evt/\" + eventName + \"/fmt/\" + eventFormat;\n\nreturn msg;",
        "outputs": 1,
        "noerr": 0,
        "initialize": "",
        "finalize": "",
        "libs": [],
        "x": 1020,
        "y": 1160,
        "wires": [
            [
                "ceda6ac412b78965",
                "cb98688bd0cce4f4",
                "8f433515dc4d9e04"
            ]
        ]
    },
    {
        "id": "ceda6ac412b78965",
        "type": "debug",
        "z": "f6f2187d.f17ca8",
        "name": "",
        "active": true,
        "tosidebar": true,
        "console": false,
        "tostatus": false,
        "complete": "true",
        "targetType": "full",
        "statusVal": "",
        "statusType": "auto",
        "x": 1250,
        "y": 1220,
        "wires": []
    },
    {
        "id": "01248a45928d5c59",
        "type": "mqtt out",
        "z": "f6f2187d.f17ca8",
        "name": "Send MQTT event to a gateway to MAS Monitor",
        "topic": "",
        "qos": "",
        "retain": "",
        "respTopic": "",
        "contentType": "",
        "userProps": "",
        "correl": "",
        "expiry": "",
        "broker": "27f6fa79.6d59f6",
        "x": 1360,
        "y": 1460,
        "wires": []
    },
    {
        "id": "d95ee66bfcb907ca",
        "type": "comment",
        "z": "f6f2187d.f17ca8",
        "name": "CSV to MQTT to Monitor through a gateway",
        "info": "",
        "x": 190,
        "y": 1300,
        "wires": []
    },
    {
        "id": "62f264c1b8e18bc2",
        "type": "chunks-to-lines",
        "z": "f6f2187d.f17ca8",
        "name": "",
        "nbLines": "1000",
        "linesFormat": "csv",
        "decoder": "UTF-8",
        "x": 460,
        "y": 1460,
        "wires": [
            [
                "023ffc9da1ef8ba8"
            ]
        ]
    },
    {
        "id": "023ffc9da1ef8ba8",
        "type": "csv",
        "z": "f6f2187d.f17ca8",
        "name": "",
        "sep": ",",
        "hdrin": true,
        "hdrout": "none",
        "multi": "one",
        "ret": "\\n",
        "temp": "",
        "skip": "0",
        "strings": false,
        "include_empty_strings": "",
        "include_null_values": "",
        "x": 630,
        "y": 1460,
        "wires": [
            [
                "eca0c1388cc14e3e"
            ]
        ]
    },
    {
        "id": "7380b9371fb6606b",
        "type": "ui_upload",
        "z": "f6f2187d.f17ca8",
        "group": "9a057908.25fdc8",
        "title": "Upload CSV with multiple devices",
        "name": "uploadCSVwithMulipleDevices",
        "order": 3,
        "width": 6,
        "height": 6,
        "chunk": "512",
        "transfer": "binary",
        "x": 140,
        "y": 1400,
        "wires": [
            [
                "62f264c1b8e18bc2",
                "9293bf745fc827da"
            ]
        ]
    },
    {
        "id": "eca0c1388cc14e3e",
        "type": "delay",
        "z": "f6f2187d.f17ca8",
        "name": "",
        "pauseType": "rate",
        "timeout": "10",
        "timeoutUnits": "seconds",
        "rate": "100",
        "nbRateUnits": "1",
        "rateUnits": "second",
        "randomFirst": "1",
        "randomLast": "5",
        "randomUnits": "seconds",
        "drop": false,
        "allowrate": false,
        "outputs": 1,
        "x": 800,
        "y": 1460,
        "wires": [
            [
                "ffd26c6af39419df"
            ]
        ]
    },
    {
        "id": "9293bf745fc827da",
        "type": "function",
        "z": "f6f2187d.f17ca8",
        "name": "Clear once",
        "func": "if (msg.parts.index == 0){\n    return msg;\n}\n",
        "outputs": 1,
        "noerr": 0,
        "initialize": "",
        "finalize": "",
        "libs": [],
        "x": 410,
        "y": 1340,
        "wires": [
            [
                "de1f2b80f593c206"
            ]
        ]
    },
    {
        "id": "de1f2b80f593c206",
        "type": "ui_button",
        "z": "f6f2187d.f17ca8",
        "name": "",
        "group": "9a057908.25fdc8",
        "order": 3,
        "width": "0",
        "height": "0",
        "passthru": true,
        "label": "Clear Lines",
        "tooltip": "",
        "color": "",
        "bgcolor": "",
        "className": "",
        "icon": "",
        "payload": "0",
        "payloadType": "num",
        "topic": "_parts.lines",
        "topicType": "str",
        "x": 610,
        "y": 1340,
        "wires": [
            [
                "bc9220720170893d"
            ]
        ]
    },
    {
        "id": "bc9220720170893d",
        "type": "ui_text",
        "z": "f6f2187d.f17ca8",
        "group": "9a057908.25fdc8",
        "order": 2,
        "width": 0,
        "height": 0,
        "name": "",
        "label": "Lines injected:",
        "format": "{{msg.lines}}",
        "layout": "row-spread",
        "className": "",
        "x": 1560,
        "y": 1340,
        "wires": []
    },
    {
        "id": "f2607ec175a31fc9",
        "type": "function",
        "z": "f6f2187d.f17ca8",
        "name": "Ready for next lines",
        "func": "msg.lines = msg._parts.lines -1;\n\nif (msg.error == null) {\n    return [msg, { tick: true }];\n} else {\n    return [null, { tick: true }];\n}\n\n",
        "outputs": 2,
        "noerr": 0,
        "initialize": "",
        "finalize": "",
        "libs": [],
        "x": 1200,
        "y": 1380,
        "wires": [
            [
                "bc9220720170893d",
                "2d08434d460bba2c"
            ],
            [
                "62f264c1b8e18bc2"
            ]
        ]
    },
    {
        "id": "2d08434d460bba2c",
        "type": "debug",
        "z": "f6f2187d.f17ca8",
        "name": "Progress",
        "active": false,
        "tosidebar": true,
        "console": false,
        "tostatus": true,
        "complete": "true",
        "targetType": "full",
        "statusVal": "lines",
        "statusType": "msg",
        "x": 1540,
        "y": 1400,
        "wires": []
    },
    {
        "id": "ffd26c6af39419df",
        "type": "function",
        "z": "f6f2187d.f17ca8",
        "name": "Set MQTT event",
        "func": "// set event, must match the event name on the device type in Monitor setup\nlet eventName = \"event_1\";\n\nlet eventFormat = \"json\";\n\nlet deviceType = \"MLL_SolarTest7\";\nmsg.deviceid = msg.payload.DEVICEID;\n\nmsg.topic = \"iot-2/type/\" + deviceType + \"/id/\" + msg.deviceid + \"/evt/\" + eventName + \"/fmt/\" + eventFormat;\n\nreturn msg;\n",
        "outputs": 1,
        "noerr": 0,
        "initialize": "",
        "finalize": "",
        "libs": [],
        "x": 1020,
        "y": 1460,
        "wires": [
            [
                "6c4e137c7a63c76d",
                "f2607ec175a31fc9",
                "01248a45928d5c59"
            ]
        ]
    },
    {
        "id": "6c4e137c7a63c76d",
        "type": "debug",
        "z": "f6f2187d.f17ca8",
        "name": "",
        "active": true,
        "tosidebar": true,
        "console": false,
        "tostatus": false,
        "complete": "true",
        "targetType": "full",
        "statusVal": "",
        "statusType": "auto",
        "x": 1230,
        "y": 1520,
        "wires": []
    },
    {
        "id": "9a057908.25fdc8",
        "type": "ui_group",
        "name": "CSV upload",
        "tab": "d9189f8ce55ee91f",
        "order": 1,
        "disp": false,
        "width": "6",
        "collapse": false,
        "className": ""
    },
    {
        "id": "74eae28f.f6e6f4",
        "type": "mqtt-broker",
        "name": "MAS Monitor",
        "broker": "masdev.messaging.iot.monitordemo2.ibmmam.com",
        "port": "443",
        "tls": "2a61624e.2eeeee",
        "clientid": "d:masdev:MLL_SolarTest7:1BY6WEcLGh8j5v7",
        "autoConnect": true,
        "usetls": true,
        "protocolVersion": "4",
        "keepalive": "60",
        "cleansession": true,
        "birthTopic": "",
        "birthQos": "0",
        "birthPayload": "",
        "birthMsg": {},
        "closeTopic": "",
        "closeQos": "0",
        "closePayload": "",
        "closeMsg": {},
        "willTopic": "",
        "willQos": "0",
        "willPayload": "",
        "willMsg": {},
        "userProps": "",
        "sessionExpiry": ""
    },
    {
        "id": "27f6fa79.6d59f6",
        "type": "mqtt-broker",
        "name": "MAS Monitor",
        "broker": "masdev.messaging.iot.monitordemo2.ibmmam.com",
        "port": "443",
        "tls": "c50bdcd8.71256",
        "clientid": "g:masdev:MLL_GatewayType:MLL_GatewayDevice",
        "autoConnect": true,
        "usetls": true,
        "protocolVersion": "4",
        "keepalive": "60",
        "cleansession": true,
        "birthTopic": "",
        "birthQos": "0",
        "birthPayload": "",
        "birthMsg": {},
        "closeTopic": "",
        "closeQos": "0",
        "closePayload": "",
        "closeMsg": {},
        "willTopic": "",
        "willQos": "0",
        "willPayload": "",
        "willMsg": {},
        "userProps": "",
        "sessionExpiry": ""
    },
    {
        "id": "d9189f8ce55ee91f",
        "type": "ui_tab",
        "name": "CSV to MQTT",
        "icon": "dashboard",
        "disabled": false,
        "hidden": false
    },
    {
        "id": "2a61624e.2eeeee",
        "type": "tls-config",
        "name": "",
        "cert": "",
        "key": "",
        "ca": "",
        "certname": "",
        "keyname": "",
        "caname": "",
        "servername": "masdev.messaging.iot.monitordemo2.ibmmam.com",
        "verifyservercert": true,
        "alpnprotocol": ""
    },
    {
        "id": "c50bdcd8.71256",
        "type": "tls-config",
        "name": "TLS MAS Monitor Demo 2",
        "cert": "",
        "key": "",
        "ca": "",
        "certname": "",
        "keyname": "",
        "caname": "",
        "servername": "masdev.messaging.iot.monitordemo2.ibmmam.com",
        "verifyservercert": false,
        "alpnprotocol": ""
    }
]