ASSETNUM,CLASSIFICATIONID,ASSETTYPE,GROUPNAME,STATUS,DESCRIPTION
PUMP_04714B603408,PUMP,PUMP,PUMP_MG,OPERATING,pump_04714B603408
PUMP_04714B6036B1,PUMP,PUMP,PUMP_MG,OPERATING,pump_04714B6036B1
PUMP_04714B6037F8,PUMP,PUMP,PUMP_MG,OPERATING,pump_04714B6037F8
PUMP_04714B60382B,PUMP,PUMP,PUMP_MG,OPERATING,pump_04714B60382B
PUMP_04714B60553A,PUMP,PUMP,PUMP_MG,OPERATING,pump_04714B60553A
PUMP_04714B605699,PUMP,PUMP,PUMP_MG,OPERATING,pump_04714B605699
PUMP_04714B606390,PUMP,PUMP,PUMP_MG,OPERATING,pump_04714B606390
PUMP_04714FEF0005,PUMP,PUMP,PUMP_MG,OPERATING,pump_04714FEF0005