ASSETNUM,CLASSIFICATIONID,ASSETTYPE,GROUPNAME,LOCATION,INSTALLDATE,STATUS,STATUSDATE,DESCRIPTION,SPEC.NUMBEROFCUSTOMERS,SPEC.FEEDER,GEOMETRY
ST_1393137,SUBSTATIONTRANSFORMER,SUBSTATION_TRANSFORMER,ST_MG,ST_1393137,1998-03-28,OPERATING,,ST_1393137,7668,LILY,POINT (-83.4093881 42.5653116)
ST_1393138,SUBSTATIONTRANSFORMER,SUBSTATION_TRANSFORMER,ST_MG,ST_1393138,1999-03-28,OPERATING,,ST_1393138,7668,LILY,POINT (-83.4092806 42.5653091)
ST_1400501,SUBSTATIONTRANSFORMER,SUBSTATION_TRANSFORMER,ST_MG,ST_1400501,2002-01-01,OPERATING,,ST_1400501,9556,COMLK,POINT (-83.4808135 42.5810599)
ST_1400502,SUBSTATIONTRANSFORMER,SUBSTATION_TRANSFORMER,ST_MG,ST_1400502,1978-01-01,OPERATING,,ST_1400502,9556,COMLK,POINT (-83.4807251 42.5810579)
ST_1400503,SUBSTATIONTRANSFORMER,SUBSTATION_TRANSFORMER,ST_MG,ST_1400503,1988-01-01,DECOMMISSIONED,2017-01-01,ST_1400503,9556,COMLK,POINT (-83.4808135 42.5810589)
ST_1400504,SUBSTATIONTRANSFORMER,SUBSTATION_TRANSFORMER,ST_MG,ST_1400504,1972-02-01,DECOMMISSIONED,2013-09-01,ST_1400504,9556,COMLK,POINT (-83.4808135 42.5810569)
ST_1400505,SUBSTATIONTRANSFORMER,SUBSTATION_TRANSFORMER,ST_MG,ST_1400505,1978-04-01,DECOMMISSIONED,2018-09-01,ST_1400505,9556,COMLK,POINT (-83.4808135 42.5810559)
ST_1400506,SUBSTATIONTRANSFORMER,SUBSTATION_TRANSFORMER,ST_MG,ST_1400506,1985-12-01,DECOMMISSIONED,2000-09-01,ST_1400506,9556,COMLK,POINT (-83.4808135 42.5810549)
ST_1400507,SUBSTATIONTRANSFORMER,SUBSTATION_TRANSFORMER,ST_MG,ST_1400507,1990-01-01,DECOMMISSIONED,2020-09-01,ST_1400507,9556,COMLK,POINT (-83.4808135 42.5810539)
ST_1400508,SUBSTATIONTRANSFORMER,SUBSTATION_TRANSFORMER,ST_MG,ST_1400508,1982-12-01,DECOMMISSIONED,2021-01-01,ST_1400508,9556,COMLK,POINT (-83.4808135 42.5810529)
ST_1400517,SUBSTATIONTRANSFORMER,SUBSTATION_TRANSFORMER,ST_MG,ST_1400517,2004-05-29,OPERATING,,ST_1400517,46,NIXON9098,POINT (-83.3883480 42.6570241)
ST_1400518,SUBSTATIONTRANSFORMER,SUBSTATION_TRANSFORMER,ST_MG,ST_1400518,2001-01-26,OPERATING,,ST_1400518,15846,NIXON9098,POINT (-83.3896484 42.6573231)
ST_1400519,SUBSTATIONTRANSFORMER,SUBSTATION_TRANSFORMER,ST_MG,ST_1400519,2004-03-11,OPERATING,,ST_1400519,15846,NIXON,POINT (-83.3866490 42.6538076)
ST_5014,SUBSTATIONTRANSFORMER,SUBSTATION_TRANSFORMER,ST_MG,ST_5014,2013-03-18,OPERATING,,ST_5014,8000,COMLK9539,POINT (-83.5125150 42.6031700)
ST_5027,SUBSTATIONTRANSFORMER,SUBSTATION_TRANSFORMER,ST_MG,ST_5027,2012-12-31,OPERATING,,ST_5027,8000,LILY 8955,POINT (-83.3879009 42.5607780)
ST_5028,SUBSTATIONTRANSFORMER,SUBSTATION_TRANSFORMER,ST_MG,ST_5028,2011-08-31,OPERATING,,ST_5028,7000,NIXON8926,POINT (-83.4046429 42.6305450)
ST_5031,SUBSTATIONTRANSFORMER,SUBSTATION_TRANSFORMER,ST_MG,ST_5031,2009-12-18,OPERATING,,ST_5031,5000,NIXON8943,POINT (-83.3915511 42.6583519)
ST_5037,SUBSTATIONTRANSFORMER,SUBSTATION_TRANSFORMER,ST_MG,ST_5037,2007-11-08,OPERATING,,ST_5037,2000,NIXON8926,POINT (-83.3922661 42.6568340)
ST_5039,SUBSTATIONTRANSFORMER,SUBSTATION_TRANSFORMER,ST_MG,ST_5039,2014-06-27,OPERATING,,ST_5039,9000,NIXON8223,POINT (-83.4135970 42.6115259)
ST_5040,SUBSTATIONTRANSFORMER,SUBSTATION_TRANSFORMER,ST_MG,ST_5040,2006-08-13,OPERATING,,ST_5040,5000,NIXON8197,POINT (-83.3996500 42.6411509)
ST_5042,SUBSTATIONTRANSFORMER,SUBSTATION_TRANSFORMER,ST_MG,ST_5042,2013-09-02,OPERATING,,ST_5042,2000,NIXON8932,POINT (-83.3997171 42.6410079)
ST_5050,SUBSTATIONTRANSFORMER,SUBSTATION_TRANSFORMER,ST_MG,ST_5050,2016-10-06,OPERATING,,ST_5050,4000,LILY 9105,POINT (-83.3792310 42.5638119)
ST_5054,SUBSTATIONTRANSFORMER,SUBSTATION_TRANSFORMER,ST_MG,ST_5054,2011-12-24,OPERATING,,ST_5054,2000,LILY 9120,POINT (-83.3880121 42.5607390)
ST_5071,SUBSTATIONTRANSFORMER,SUBSTATION_TRANSFORMER,ST_MG,ST_5071,2009-03-02,OPERATING,,ST_5071,2000,COMLK9539,POINT (-83.5255874 42.6057025)
ST_5076,SUBSTATIONTRANSFORMER,SUBSTATION_TRANSFORMER,ST_MG,ST_5076,2012-05-19,OPERATING,,ST_5076,9000,LILY 9105,POINT (-83.3876350 42.5608711)
ST_5077,SUBSTATIONTRANSFORMER,SUBSTATION_TRANSFORMER,ST_MG,ST_5077,2003-11-20,OPERATING,,ST_5077,3000,NIXON9061,POINT (-83.3939290 42.6533030)
ST_5079,SUBSTATIONTRANSFORMER,SUBSTATION_TRANSFORMER,ST_MG,ST_5079,2013-04-02,OPERATING,,ST_5079,2000,COMLK,POINT (-83.4772830 42.6122370)
ST_5083,SUBSTATIONTRANSFORMER,SUBSTATION_TRANSFORMER,ST_MG,ST_5083,2009-01-08,OPERATING,,ST_5083,2000,LILY 8955,POINT (-83.3755420 42.5651029)
ST_5084,SUBSTATIONTRANSFORMER,SUBSTATION_TRANSFORMER,ST_MG,ST_5084,2006-08-27,OPERATING,,ST_5084,10000,LILY 8955,POINT (-83.3754000 42.5651520)
ST_5085,SUBSTATIONTRANSFORMER,SUBSTATION_TRANSFORMER,ST_MG,ST_5085,2004-01-30,OPERATING,,ST_5085,1000,COMLK,POINT (-83.5224950 42.5983340)
ST_5090,SUBSTATIONTRANSFORMER,SUBSTATION_TRANSFORMER,ST_MG,ST_5090,1996-02-10,OPERATING,,ST_5090,5000,LILY 9253,POINT (-83.3774251 42.5644439)
ST_5099,SUBSTATIONTRANSFORMER,SUBSTATION_TRANSFORMER,ST_MG,ST_5099,2011-09-20,OPERATING,,ST_5099,5000,LILY,POINT (-83.3764010 42.5648020)
ST_5105,SUBSTATIONTRANSFORMER,SUBSTATION_TRANSFORMER,ST_MG,ST_5105,2007-02-14,OPERATING,,ST_5105,10000,NIXON8223,POINT (-83.3997910 42.6408510)
ST_5121,SUBSTATIONTRANSFORMER,SUBSTATION_TRANSFORMER,ST_MG,ST_5121,2012-05-16,OPERATING,,ST_5121,9000,NIXON8197,POINT (-83.3995400 42.6413839)
ST_5125,SUBSTATIONTRANSFORMER,SUBSTATION_TRANSFORMER,ST_MG,ST_5125,2000-06-18,OPERATING,,ST_5125,7000,COMLK9050,POINT (-83.5059330 42.6054250)
ST_5134,SUBSTATIONTRANSFORMER,SUBSTATION_TRANSFORMER,ST_MG,ST_5134,2004-02-28,OPERATING,,ST_5134,6000,LILY 9105,POINT (-83.3928600 42.5590430)
ST_5136,SUBSTATIONTRANSFORMER,SUBSTATION_TRANSFORMER,ST_MG,ST_5136,2008-01-31,OPERATING,,ST_5136,2000,LILY 9120,POINT (-83.3895500 42.5602010)
ST_5140,SUBSTATIONTRANSFORMER,SUBSTATION_TRANSFORMER,ST_MG,ST_5140,2003-11-03,OPERATING,,ST_5140,6000,NIXON9141,POINT (-83.3914651 42.6585360)
ST_5143,SUBSTATIONTRANSFORMER,SUBSTATION_TRANSFORMER,ST_MG,ST_5143,2013-04-25,OPERATING,,ST_5143,7000,COMLK9538,POINT (-83.5040750 42.5723811)
ST_5145,SUBSTATIONTRANSFORMER,SUBSTATION_TRANSFORMER,ST_MG,ST_5145,2003-06-22,OPERATING,,ST_5145,7000,LILY 9253,POINT (-83.4051480 42.5547431)
ST_5152,SUBSTATIONTRANSFORMER,SUBSTATION_TRANSFORMER,ST_MG,ST_5152,2002-04-11,OPERATING,,ST_5152,3000,LILY 9120,POINT (-83.3818639 42.5628909)
ST_5155,SUBSTATIONTRANSFORMER,SUBSTATION_TRANSFORMER,ST_MG,ST_5155,2000-09-21,OPERATING,,ST_5155,2000,COMLK9538,POINT (-83.5048059 42.5721539)
ST_5156,SUBSTATIONTRANSFORMER,SUBSTATION_TRANSFORMER,ST_MG,ST_5156,2015-07-25,OPERATING,,ST_5156,7000,NIXON8943,POINT (-83.3913700 42.6587380)
ST_5159,SUBSTATIONTRANSFORMER,SUBSTATION_TRANSFORMER,ST_MG,ST_5159,2011-05-06,OPERATING,,ST_5159,2000,LILY 9105,POINT (-83.3787760 42.5639710)
ST_5160,SUBSTATIONTRANSFORMER,SUBSTATION_TRANSFORMER,ST_MG,ST_5160,2012-04-20,OPERATING,,ST_5160,4000,LILY 9105,POINT (-83.4088399 42.5534511)
ST_5161,SUBSTATIONTRANSFORMER,SUBSTATION_TRANSFORMER,ST_MG,ST_5161,2008-12-03,OPERATING,,ST_5161,10,NIXON9098,POINT (-83.3858031 42.6549905)
ST_5162,SUBSTATIONTRANSFORMER,SUBSTATION_TRANSFORMER,ST_MG,ST_5162,2007-02-11,OPERATING,,ST_5162,6000,LILY 9105,POINT (-83.3847989 42.5618640)
ST_5175,SUBSTATIONTRANSFORMER,SUBSTATION_TRANSFORMER,ST_MG,ST_5175,2005-07-10,OPERATING,,ST_5175,1000,COMLK9050,POINT (-83.4932319 42.6073320)
ST_5177,SUBSTATIONTRANSFORMER,SUBSTATION_TRANSFORMER,ST_MG,ST_5177,2006-02-04,OPERATING,,ST_5177,10000,LILY 9120,POINT (-83.3932620 42.5589020)
ST_5180,SUBSTATIONTRANSFORMER,SUBSTATION_TRANSFORMER,ST_MG,ST_5180,2004-02-21,OPERATING,,ST_5180,1000,COMLK9538,POINT (-83.5067000 42.5744961)
ST_5183,SUBSTATIONTRANSFORMER,SUBSTATION_TRANSFORMER,ST_MG,ST_5183,2012-07-19,OPERATING,,ST_5183,8000,COMLK9020,POINT (-83.4795840 42.5737601)
ST_5190,SUBSTATIONTRANSFORMER,SUBSTATION_TRANSFORMER,ST_MG,ST_5190,2015-02-19,OPERATING,,ST_5190,5000,LILY 9253,POINT (-83.3822130 42.5627681)
ST_5192,SUBSTATIONTRANSFORMER,SUBSTATION_TRANSFORMER,ST_MG,ST_5192,2005-03-25,OPERATING,,ST_5192,10000,LILY 9126,POINT (-83.3966000 42.5577340)
ST_5194,SUBSTATIONTRANSFORMER,SUBSTATION_TRANSFORMER,ST_MG,ST_5194,2012-05-15,OPERATING,,ST_5194,2000,COMLK9538,POINT (-83.5043830 42.5618209)
ST_5198,SUBSTATIONTRANSFORMER,SUBSTATION_TRANSFORMER,ST_MG,ST_5198,2007-04-22,OPERATING,,ST_5198,7000,COMLK9050,POINT (-83.4932500 42.6149400)
ST_5203,SUBSTATIONTRANSFORMER,SUBSTATION_TRANSFORMER,ST_MG,ST_5203,2000-07-12,OPERATING,,ST_5203,7000,COMLK9050,POINT (-83.4908011 42.5923861)
ST_5210,SUBSTATIONTRANSFORMER,SUBSTATION_TRANSFORMER,ST_MG,ST_5210,2007-05-24,OPERATING,,ST_5210,2000,LILY,POINT (-83.4082800 42.5536470)
ST_5212,SUBSTATIONTRANSFORMER,SUBSTATION_TRANSFORMER,ST_MG,ST_5212,2001-01-01,OPERATING,,ST_5212,3000,LILY 9126,POINT (-83.3804440 42.5633870)
ST_5214,SUBSTATIONTRANSFORMER,SUBSTATION_TRANSFORMER,ST_MG,ST_5214,2003-12-25,OPERATING,,ST_5214,3000,COMLK,POINT (-83.5000940 42.6052221)
ST_5217,SUBSTATIONTRANSFORMER,SUBSTATION_TRANSFORMER,ST_MG,ST_5217,2005-10-11,OPERATING,,ST_5217,2,NIXON9098,POINT (-83.3858031 42.6546505)
ST_5233,SUBSTATIONTRANSFORMER,SUBSTATION_TRANSFORMER,ST_MG,ST_5233,2007-07-30,OPERATING,,ST_5233,8000,LILY 9038,POINT (-83.4057861 42.5545199)
ST_5237,SUBSTATIONTRANSFORMER,SUBSTATION_TRANSFORMER,ST_MG,ST_5237,2011-05-09,OPERATING,,ST_5237,4000,NIXON8201,POINT (-83.4030281 42.6339740)
ST_5238,SUBSTATIONTRANSFORMER,SUBSTATION_TRANSFORMER,ST_MG,ST_5238,2008-10-01,OPERATING,,ST_5238,10000,COMLK9524,POINT (-83.4954101 42.6066631)
ST_5239,SUBSTATIONTRANSFORMER,SUBSTATION_TRANSFORMER,ST_MG,ST_5239,2006-08-11,OPERATING,,ST_5239,8000,COMLK9539,POINT (-83.5224850 42.5988741)
ST_5240,SUBSTATIONTRANSFORMER,SUBSTATION_TRANSFORMER,ST_MG,ST_5240,2010-11-29,OPERATING,,ST_5240,2000,NIXON8197,POINT (-83.4008179 42.6386690)
ST_5241,SUBSTATIONTRANSFORMER,SUBSTATION_TRANSFORMER,ST_MG,ST_5241,2010-10-03,OPERATING,,ST_5241,3000,COMLK9020,POINT (-83.4805320 42.5760080)
ST_5245,SUBSTATIONTRANSFORMER,SUBSTATION_TRANSFORMER,ST_MG,ST_5245,2010-03-14,OPERATING,,ST_5245,2000,NIXON8943,POINT (-83.4112330 42.6165460)
ST_5248,SUBSTATIONTRANSFORMER,SUBSTATION_TRANSFORMER,ST_MG,ST_5248,2009-10-22,OPERATING,,ST_5248,5000,LILY 9120,POINT (-83.3777370 42.5643350)
ST_5258,SUBSTATIONTRANSFORMER,SUBSTATION_TRANSFORMER,ST_MG,ST_5258,2004-11-23,OPERATING,,ST_5258,4000,NIXON9141,POINT (-83.3956860 42.6495700)
ST_5268,SUBSTATIONTRANSFORMER,SUBSTATION_TRANSFORMER,ST_MG,ST_5268,2012-04-14,OPERATING,,ST_5268,10000,COMLK9524,POINT (-83.4951620 42.5953521)
ST_5274,SUBSTATIONTRANSFORMER,SUBSTATION_TRANSFORMER,ST_MG,ST_5274,2008-03-19,OPERATING,,ST_5274,6000,LILY 9253,POINT (-83.3951330 42.5582480)
ST_5280,SUBSTATIONTRANSFORMER,SUBSTATION_TRANSFORMER,ST_MG,ST_5280,2002-06-06,OPERATING,,ST_5280,2000,LILY,POINT (-83.3871010 42.5610580)
ST_5288,SUBSTATIONTRANSFORMER,SUBSTATION_TRANSFORMER,ST_MG,ST_5288,2010-03-03,OPERATING,,ST_5288,12000,LILY 9253,POINT (-83.3786439 42.5640170)
ST_5295,SUBSTATIONTRANSFORMER,SUBSTATION_TRANSFORMER,ST_MG,ST_5295,2009-04-12,OPERATING,,ST_5295,1000,COMLK9020,POINT (-83.4807099 42.5792679)
ST_5303,SUBSTATIONTRANSFORMER,SUBSTATION_TRANSFORMER,ST_MG,ST_5303,2016-08-19,OPERATING,,ST_5303,6000,NIXON8926,POINT (-83.3936249 42.6539491)
ST_5306,SUBSTATIONTRANSFORMER,SUBSTATION_TRANSFORMER,ST_MG,ST_5306,1997-01-28,OPERATING,,ST_5306,5000,LILY 9126,POINT (-83.3831730 42.5624329)
ST_5308,SUBSTATIONTRANSFORMER,SUBSTATION_TRANSFORMER,ST_MG,ST_5308,1999-10-18,OPERATING,,ST_5308,4000,COMLK9539,POINT (-83.4980745 42.5979704)
ST_5312,SUBSTATIONTRANSFORMER,SUBSTATION_TRANSFORMER,ST_MG,ST_5312,2011-06-17,OPERATING,,ST_5312,8000,COMLK9525,POINT (-83.4736630 42.5720470)
ST_5314,SUBSTATIONTRANSFORMER,SUBSTATION_TRANSFORMER,ST_MG,ST_5314,2009-08-15,OPERATING,,ST_5314,3000,LILY 9126,POINT (-83.3898910 42.5600820)
ST_5317,SUBSTATIONTRANSFORMER,SUBSTATION_TRANSFORMER,ST_MG,ST_5317,2009-08-15,OPERATING,,ST_5317,8000,LILY 9120,POINT (-83.4085300 42.5535600)
ST_5328,SUBSTATIONTRANSFORMER,SUBSTATION_TRANSFORMER,ST_MG,ST_5328,2004-01-25,OPERATING,,ST_5328,4000,LILY 8955,POINT (-83.3925770 42.5591420)
ST_5330,SUBSTATIONTRANSFORMER,SUBSTATION_TRANSFORMER,ST_MG,ST_5330,2002-10-24,OPERATING,,ST_5330,2000,NIXON8197,POINT (-83.4136991 42.6113100)
ST_5336,SUBSTATIONTRANSFORMER,SUBSTATION_TRANSFORMER,ST_MG,ST_5336,2005-03-25,OPERATING,,ST_5336,8000,LILY 9126,POINT (-83.4085980 42.5535361)
ST_5346,SUBSTATIONTRANSFORMER,SUBSTATION_TRANSFORMER,ST_MG,ST_5346,2007-03-08,OPERATING,,ST_5346,4000,LILY 9126,POINT (-83.3934330 42.5588430)
ST_5351,SUBSTATIONTRANSFORMER,SUBSTATION_TRANSFORMER,ST_MG,ST_5351,1998-08-23,OPERATING,,ST_5351,7000,COMLK,POINT (-83.4850261 42.6098561)
ST_5354,SUBSTATIONTRANSFORMER,SUBSTATION_TRANSFORMER,ST_MG,ST_5354,1992-09-16,OPERATING,,ST_5354,2000,COMLK9538,POINT (-83.5083870 42.5535950)
ST_5363,SUBSTATIONTRANSFORMER,SUBSTATION_TRANSFORMER,ST_MG,ST_5363,1998-08-16,OPERATING,,ST_5363,8000,COMLK9524,POINT (-83.4779170 42.6005110)
ST_5368,SUBSTATIONTRANSFORMER,SUBSTATION_TRANSFORMER,ST_MG,ST_5368,1997-03-23,OPERATING,,ST_5368,5000,COMLK9050,POINT (-83.5045231 42.5906260)
ST_5379,SUBSTATIONTRANSFORMER,SUBSTATION_TRANSFORMER,ST_MG,ST_5379,2009-10-26,OPERATING,,ST_5379,3000,LILY 9126,POINT (-83.3808900 42.5632311)
ST_5384,SUBSTATIONTRANSFORMER,SUBSTATION_TRANSFORMER,ST_MG,ST_5384,2004-10-28,OPERATING,,ST_5384,4000,NIXON8932,POINT (-83.3976461 42.6454069)
ST_5386,SUBSTATIONTRANSFORMER,SUBSTATION_TRANSFORMER,ST_MG,ST_5386,2012-08-23,OPERATING,,ST_5386,5000,NIXON8223,POINT (-83.4032970 42.6334040)
ST_5388,SUBSTATIONTRANSFORMER,SUBSTATION_TRANSFORMER,ST_MG,ST_5388,2004-04-02,OPERATING,,ST_5388,10000,COMLK9525,POINT (-83.4731231 42.5785970)
ST_5391,SUBSTATIONTRANSFORMER,SUBSTATION_TRANSFORMER,ST_MG,ST_5391,2013-10-23,OPERATING,,ST_5391,4000,COMLK9525,POINT (-83.4736920 42.5688040)
ST_5398,SUBSTATIONTRANSFORMER,SUBSTATION_TRANSFORMER,ST_MG,ST_5398,2011-08-07,OPERATING,,ST_5398,7000,NIXON9061,POINT (-83.3959201 42.6490740)
ST_5408,SUBSTATIONTRANSFORMER,SUBSTATION_TRANSFORMER,ST_MG,ST_5408,1992-06-08,OPERATING,,ST_5408,4000,LILY 9120,POINT (-83.3930300 42.5589840)
ST_5410,SUBSTATIONTRANSFORMER,SUBSTATION_TRANSFORMER,ST_MG,ST_5410,2005-05-01,OPERATING,,ST_5410,10000,NIXON8932,POINT (-83.4055261 42.6286699)
ST_5417,SUBSTATIONTRANSFORMER,SUBSTATION_TRANSFORMER,ST_MG,ST_5417,2003-07-10,OPERATING,,ST_5417,2000,NIXON8201,POINT (-83.4133251 42.6121039)
ST_5420,SUBSTATIONTRANSFORMER,SUBSTATION_TRANSFORMER,ST_MG,ST_5420,2006-05-17,OPERATING,,ST_5420,4000,LILY 8955,POINT (-83.4049801 42.5548021)
ST_5429,SUBSTATIONTRANSFORMER,SUBSTATION_TRANSFORMER,ST_MG,ST_5429,2012-06-30,OPERATING,,ST_5429,9000,COMLK,POINT (-83.5033100 42.6042330)
ST_5431,SUBSTATIONTRANSFORMER,SUBSTATION_TRANSFORMER,ST_MG,ST_5431,1998-09-06,OPERATING,,ST_5431,8000,LILY 9253,POINT (-83.3835851 42.5622889)
ST_5436,SUBSTATIONTRANSFORMER,SUBSTATION_TRANSFORMER,ST_MG,ST_5436,1993-01-05,OPERATING,,ST_5436,3000,NIXON9141,POINT (-83.3947380 42.6515830)
ST_5442,SUBSTATIONTRANSFORMER,SUBSTATION_TRANSFORMER,ST_MG,ST_5442,2009-07-29,OPERATING,,ST_5442,8000,LILY 9038,POINT (-83.3754560 42.5651329)
ST_5444,SUBSTATIONTRANSFORMER,SUBSTATION_TRANSFORMER,ST_MG,ST_5444,2008-02-15,OPERATING,,ST_5444,3000,COMLK9538,POINT (-83.4859430 42.5757289)
ST_5448,SUBSTATIONTRANSFORMER,SUBSTATION_TRANSFORMER,ST_MG,ST_5448,2016-06-16,OPERATING,,ST_5448,3000,NIXON,POINT (-83.4116589 42.6156419)
ST_5450,SUBSTATIONTRANSFORMER,SUBSTATION_TRANSFORMER,ST_MG,ST_5450,1992-02-24,OPERATING,,ST_5450,5000,LILY 9253,POINT (-83.4058751 42.5544891)
ST_5459,SUBSTATIONTRANSFORMER,SUBSTATION_TRANSFORMER,ST_MG,ST_5459,2011-07-03,OPERATING,,ST_5459,10000,COMLK9538,POINT (-83.5159740 42.5754099)
ST_5467,SUBSTATIONTRANSFORMER,SUBSTATION_TRANSFORMER,ST_MG,ST_5467,2009-09-24,OPERATING,,ST_5467,10000,NIXON8223,POINT (-83.3929311 42.6554220)
ST_5468,SUBSTATIONTRANSFORMER,SUBSTATION_TRANSFORMER,ST_MG,ST_5468,2003-05-04,OPERATING,,ST_5468,10000,LILY 9126,POINT (-83.4065440 42.5542551)
ST_5469,SUBSTATIONTRANSFORMER,SUBSTATION_TRANSFORMER,ST_MG,ST_5469,2004-02-25,OPERATING,,ST_5469,5000,COMLK,POINT (-83.4863839 42.6094390)
ST_5471,SUBSTATIONTRANSFORMER,SUBSTATION_TRANSFORMER,ST_MG,ST_5471,2007-02-16,OPERATING,,ST_5471,8000,NIXON8943,POINT (-83.4045460 42.6307510)
ST_5477,SUBSTATIONTRANSFORMER,SUBSTATION_TRANSFORMER,ST_MG,ST_5477,2011-02-06,OPERATING,,ST_5477,10000,NIXON8223,POINT (-83.3991830 42.6421430)
ST_5483,SUBSTATIONTRANSFORMER,SUBSTATION_TRANSFORMER,ST_MG,ST_5483,2015-07-06,OPERATING,,ST_5483,9000,COMLK,POINT (-83.4958920 42.6065151)
ST_5484,SUBSTATIONTRANSFORMER,SUBSTATION_TRANSFORMER,ST_MG,ST_5484,2002-11-09,OPERATING,,ST_5484,2000,COMLK9050,POINT (-83.5012700 42.6154030)