DOMAINID,VALUE,MAXVALUE,DESCRIPTION
ASSETTYPE,DISTRIBUTION_TRANSFORMER,AHUTILITIES,Distribution Transformer
ASSETTYPE,SUBSTATION_TRANSFORMER,AHUTILITIES,Substation Transformer
ASSETTYPE,INSTRUMENT_TRANSFORMER,AHUTILITIES,Instrument Transformer
ASSETTYPE,SWITCHGEAR,AHUTILITIES,Switchgear
ASSETTYPE,UNDERGROUND_TRANSMISSION_MANHOLE,AHUTILITIES,Underground Transmission Manhole
ASSETTYPE,METAL_SUPPORT_STRUCTURE,AHUTILITIES,Metal Support Structure
ASSETTYPE,OVERHEAD_TRANSMISSION_WIRE,AHUTILITIES,Overhead Transmission Wire
ASSETTYPE,OIL_CIRCUIT_BREAKER,AHUTILITIES,Oil Circuit Breaker
ASSETTYPE,AIR_BLAST_CIRCUIT_BREAKER,AHUTILITIES,Air Blast Circuit Breaker
ASSETTYPE,AIR_MAGNETIC_CIRCUIT_BREAKER,AHUTILITIES,Air Magnetic Circuit Breaker
ASSETTYPE,VACUUM_CIRCUIT_BREAKER,AHUTILITIES,Vacuum Circuit Breaker
ASSETTYPE,SF6_CIRCUIT_BREAKER,AHUTILITIES,SF6 Circuit Breaker
ASSETTYPE,WOOD_POWER_POLE,AHUTILITIES,Wood Power Pole
ASSETTYPE,MASS_IMPREGNATED_(MI)_CABLES,AHUTILITIES,Mass Impregnated (MI) Cables
ASSETTYPE,HIGH_PRESSURE_FLUID_FILLED_PIPE_TYPE_(HPFF)_CABLES,AHUTILITIES,High Pressure Fluid Filled Pipe Type (HPFF) Cables
ASSETTYPE,SELF_CONTAINED_FLUID_FILLED_(SCFF)_CABLES,AHUTILITIES,Self Contained Fluid Filled (SCFF) Cables
ASSETTYPE,SELF_CONTAINED_GAS_FILLED_(SCGF)_SUBMARINE_CABLES,AHUTILITIES,Self Contained Gas Filled (SCGF) Submarine Cables
ASSETTYPE,EXTRUDED_CROSS_LINKED_POLYETHYLENE_(XLPE)_CABLES,AHUTILITIES,Extruded Cross Linked Polyethylene (XLPE) Cables
