LOCATION,CLASSIFICATIONID,GROUPNAME,INSTALLDATE,STATUS,STATUSDATE,DESCRIPTION,SPEC.NUMBEROFCUSTOMERS,SPEC.FEEDER,SPEC.SUBTYPE,GEOMETRY
BRK_268370,CIRCUITBREAKER,CB_MG,2003-03-28,OPERATING,,brk_268370,0,LILY 9120,Air Blast Circuit Breaker,POINT (-83.4094060 42.5653861)
BRK_268371,CIRCUITBREAKER,CB_MG,2003-03-28,OPERATING,,brk_268371,0,LILY 9120,Oil Circuit Breaker,POINT (-83.4094069 42.5653666)
BRK_268372,CIRCUITBREAKER,CB_MG,2003-03-28,OPERATING,,brk_268372,0,LILY,Air Magnetic Circuit Breaker,POINT (-83.4093636 42.5653851)
BRK_268374,CIRCUITBREAKER,CB_MG,2003-03-28,OPERATING,,brk_268374,0,LILY,Oil Circuit Breaker,POINT (-83.4093433 42.5653653)
BRK_268376,CIRCUITBREAKER,CB_MG,2003-03-28,OPERATING,,brk_268376,0,LILY 8955,Air Magnetic Circuit Breaker,POINT (-83.4093837 42.5653856)
BRK_268377,CIRCUITBREAKER,CB_MG,2003-03-28,OPERATING,,brk_268377,0,LILY 9038,Air Blast Circuit Breaker,POINT (-83.4092800 42.5653639)
BRK_268378,CIRCUITBREAKER,CB_MG,2003-03-28,OPERATING,,brk_268378,2002,LILY 9105,SF6 Circuit Breaker,POINT (-83.4092552 42.5653829)
BRK_268379,CIRCUITBREAKER,CB_MG,2003-03-28,OPERATING,,brk_268379,904,LILY 9126,Oil Circuit Breaker,POINT (-83.4092307 42.5653825)
BRK_268380,CIRCUITBREAKER,CB_MG,2003-03-28,OPERATING,,brk_268380,0,LILY,Air Magnetic Circuit Breaker,POINT (-83.4092171 42.5653623)
BRK_268382,CIRCUITBREAKER,CB_MG,2003-03-28,OPERATING,,brk_268382,0,LILY,Oil Circuit Breaker,POINT (-83.4094399 42.5653869)
BRK_268383,CIRCUITBREAKER,CB_MG,2003-03-28,OPERATING,,brk_268383,0,LILY 9038,SF6 Circuit Breaker,POINT (-83.4092672 42.5654177)
BRK_268387,CIRCUITBREAKER,CB_MG,2003-03-28,OPERATING,,brk_268387,0,LILY,Oil Circuit Breaker,POINT (-83.4094407 42.5653674)
BRK_268391,CIRCUITBREAKER,CB_MG,2003-03-28,OPERATING,,brk_268391,0,LILY 8955,SF6 Circuit Breaker,POINT (-83.4093849 42.5653661)
BRK_268392,CIRCUITBREAKER,CB_MG,2003-03-28,OPERATING,,brk_268392,0,LILY,Air Magnetic Circuit Breaker,POINT (-83.4093011 42.5653839)
BRK_268393,CIRCUITBREAKER,CB_MG,2003-03-28,OPERATING,,brk_268393,0,LILY,Vacuum Circuit Breaker,POINT (-83.4093019 42.5653644)
BRK_268394,CIRCUITBREAKER,CB_MG,2003-03-28,OPERATING,,brk_268394,2223,LILY 9038,SF6 Circuit Breaker,POINT (-83.4092791 42.5653834)
BRK_268395,CIRCUITBREAKER,CB_MG,2003-03-28,OPERATING,,brk_268395,0,LILY 9105,Oil Circuit Breaker,POINT (-83.4092560 42.5653634)
BRK_268396,CIRCUITBREAKER,CB_MG,2003-03-28,OPERATING,,brk_268396,0,LILY 9126,Vacuum Circuit Breaker,POINT (-83.4092315 42.5653628)
BRK_268397,CIRCUITBREAKER,CB_MG,2003-03-28,OPERATING,,brk_268397,0,LILY,SF6 Circuit Breaker,POINT (-83.4092163 42.5653817)
BRK_268399,CIRCUITBREAKER,CB_MG,2003-03-28,OPERATING,,brk_268399,0,LILY 9105,Oil Circuit Breaker,POINT (-83.4092431 42.5654172)
BRK_268400,CIRCUITBREAKER,CB_MG,2003-03-28,OPERATING,,brk_268400,0,LILY,SF6 Circuit Breaker,POINT (-83.4093234 42.5653490)
BRK_271600,CIRCUITBREAKER,CB_MG,2002-01-01,OPERATING,,brk_271600,2530,COMLK9525,Oil Circuit Breaker,POINT (-83.4808272 42.5811097)
BRK_272529,CIRCUITBREAKER,CB_MG,1978-06-18,OPERATING,2008-06-10,brk_272529,2110,NIXON9141,Oil Circuit Breaker,POINT (-83.3871254 42.6539605)
BRK_272530,CIRCUITBREAKER,CB_MG,1978-06-18,OPERATING,2014-06-09,brk_272530,100,NIXON9098,Vacuum Circuit Breaker,POINT (-83.3871026 42.6539151)
BRK_272531,CIRCUITBREAKER,CB_MG,1978-06-18,OPERATING,2009-06-10,brk_272531,0,NIXON9061,Oil Circuit Breaker,POINT (-83.3870755 42.6539144)
BRK_272532,CIRCUITBREAKER,CB_MG,1978-06-18,DECOMMISSIONED,2011-06-10,brk_272532,0,NIXON,Vacuum Circuit Breaker,POINT (-83.3870453 42.6539586)
BRK_272533,CIRCUITBREAKER,CB_MG,1978-06-18,OPERATING,,brk_272533,0,NIXON,SF6 Circuit Breaker,POINT (-83.3870181 42.6539580)
BRK_272534,CIRCUITBREAKER,CB_MG,1978-06-18,OPERATING,,brk_272534,0,NIXON8932,Air Magnetic Circuit Breaker,POINT (-83.3869221 42.6539558)
BRK_272535,CIRCUITBREAKER,CB_MG,1978-06-18,OPERATING,,brk_272535,0,NIXON8223,Air Magnetic Circuit Breaker,POINT (-83.3868621 42.6539543)
BRK_272536,CIRCUITBREAKER,CB_MG,1978-06-18,OPERATING,,brk_272536,0,NIXON,Air Magnetic Circuit Breaker,POINT (-83.3868922 42.6539102)
BRK_272537,CIRCUITBREAKER,CB_MG,1978-06-18,OPERATING,2008-06-10,brk_272537,0,NIXON8926,Air Magnetic Circuit Breaker,POINT (-83.3868217 42.6539534)
BRK_272538,CIRCUITBREAKER,CB_MG,1978-06-18,OPERATING,2015-06-09,brk_272538,0,NIXON8201,SF6 Circuit Breaker,POINT (-83.3867989 42.6539080)
BRK_272539,CIRCUITBREAKER,CB_MG,1978-06-18,OPERATING,2008-06-10,brk_272539,1851,NIXON8197,Air Magnetic Circuit Breaker,POINT (-83.3867699 42.6539523)
BRK_272540,CIRCUITBREAKER,CB_MG,1978-06-18,OPERATING,2016-06-08,brk_272540,0,NIXON8943,Vacuum Circuit Breaker,POINT (-83.3867145 42.6539509)
BRK_272541,CIRCUITBREAKER,CB_MG,1978-06-18,DECOMMISSIONED,2016-06-08,brk_272541,0,NIXON,Vacuum Circuit Breaker,POINT (-83.3866182 42.6539487)
BRK_272542,CIRCUITBREAKER,CB_MG,1978-06-18,OPERATING,2016-06-08,brk_272542,0,NIXON9141,Air Magnetic Circuit Breaker,POINT (-83.3871274 42.6539156)
BRK_272543,CIRCUITBREAKER,CB_MG,1978-06-18,OPERATING,,brk_272543,0,NIXON,Air Magnetic Circuit Breaker,POINT (-83.3870471 42.6539137)
BRK_272545,CIRCUITBREAKER,CB_MG,1978-06-18,OPERATING,2016-06-08,brk_272545,0,NIXON,Vacuum Circuit Breaker,POINT (-83.3869953 42.6539575)
BRK_272546,CIRCUITBREAKER,CB_MG,1978-06-18,OPERATING,,brk_272546,0,NIXON,Vacuum Circuit Breaker,POINT (-83.3869709 42.6539568)
BRK_272547,CIRCUITBREAKER,CB_MG,1978-06-18,OPERATING,2011-06-10,brk_272547,2880,NIXON8932,Air Magnetic Circuit Breaker,POINT (-83.3869241 42.6539109)
BRK_272548,CIRCUITBREAKER,CB_MG,1978-06-18,OPERATING,,brk_272548,0,NIXON,Vacuum Circuit Breaker,POINT (-83.3868904 42.6539550)
BRK_272549,CIRCUITBREAKER,CB_MG,1978-06-18,OPERATING,2010-06-10,brk_272549,0,NIXON8223,Air Blast Circuit Breaker,POINT (-83.3868639 42.6539095)
BRK_272550,CIRCUITBREAKER,CB_MG,1978-06-18,OPERATING,,brk_272550,2720,NIXON8926,SF6 Circuit Breaker,POINT (-83.3868235 42.6539085)
BRK_272551,CIRCUITBREAKER,CB_MG,1978-06-18,OPERATING,2017-06-08,brk_272551,0,NIXON8201,Air Blast Circuit Breaker,POINT (-83.3867970 42.6539528)
BRK_272552,CIRCUITBREAKER,CB_MG,1978-06-18,OPERATING,,brk_272552,1851,NIXON8197,Air Magnetic Circuit Breaker,POINT (-83.3867717 42.6539073)
BRK_272553,CIRCUITBREAKER,CB_MG,1978-06-18,OPERATING,,brk_272553,0,NIXON,Air Blast Circuit Breaker,POINT (-83.3867415 42.6539516)
BRK_272554,CIRCUITBREAKER,CB_MG,1978-06-18,OPERATING,,brk_272554,0,NIXON,Oil Circuit Breaker,POINT (-83.3866916 42.6539504)
BRK_272555,CIRCUITBREAKER,CB_MG,1978-06-18,OPERATING,,brk_272555,0,NIXON,SF6 Circuit Breaker,POINT (-83.3866671 42.6539498)
BRK_272556,CIRCUITBREAKER,CB_MG,1978-06-18,OPERATING,,brk_272556,0,NIXON,Vacuum Circuit Breaker,POINT (-83.3866202 42.6539038)
BRK_272557,CIRCUITBREAKER,CB_MG,1978-06-18,DECOMMISSIONED,2010-06-10,brk_272557,0,NIXON,Air Blast Circuit Breaker,POINT (-83.3867434 42.6539067)
BRK_272558,CIRCUITBREAKER,CB_MG,1978-06-18,OPERATING,,brk_272558,2747,NIXON8943,SF6 Circuit Breaker,POINT (-83.3867164 42.6539060)
BRK_272559,CIRCUITBREAKER,CB_MG,1978-06-18,OPERATING,2016-06-08,brk_272559,0,NIXON,Vacuum Circuit Breaker,POINT (-83.3866460 42.6538788)
BRK_272560,CIRCUITBREAKER,CB_MG,1978-06-18,OPERATING,,brk_272560,0,NIXON,Air Blast Circuit Breaker,POINT (-83.3869497 42.6538859)
BRK_272868,CIRCUITBREAKER,CB_MG,2002-01-01,OPERATING,,brk_272868,0,COMLK9020,Air Magnetic Circuit Breaker,POINT (-83.4807644 42.5811083)
BRK_272869,CIRCUITBREAKER,CB_MG,2002-01-01,OPERATING,,brk_272869,0,COMLK9050,Air Magnetic Circuit Breaker,POINT (-83.4807471 42.5811080)
BRK_272870,CIRCUITBREAKER,CB_MG,2002-01-01,OPERATING,,brk_272870,0,COMLK9524,Air Magnetic Circuit Breaker,POINT (-83.4807282 42.5811336)
BRK_272871,CIRCUITBREAKER,CB_MG,2002-01-01,OPERATING,,brk_272871,1939,COMLK9538,SF6 Circuit Breaker,POINT (-83.4806874 42.5811326)
BRK_272872,CIRCUITBREAKER,CB_MG,1994-04-04,OPERATING,,brk_272872,0,COMLK9525,Air Magnetic Circuit Breaker,POINT (-83.4808262 42.5811355)
BRK_272873,CIRCUITBREAKER,CB_MG,1986-11-25,OPERATING,,brk_272873,0,COMLK,SF6 Circuit Breaker,POINT (-83.4808088 42.5811355)
BRK_272874,CIRCUITBREAKER,CB_MG,1977-02-27,OPERATING,,brk_272874,0,COMLK,SF6 Circuit Breaker,POINT (-83.4807925 42.5811090)
BRK_272875,CIRCUITBREAKER,CB_MG,1977-10-16,OPERATING,,brk_272875,0,COMLK9020,Air Magnetic Circuit Breaker,POINT (-83.4807634 42.5811341)
BRK_272876,CIRCUITBREAKER,CB_MG,2009-09-27,OPERATING,,brk_272876,1483,COMLK9050,Oil Circuit Breaker,POINT (-83.4807459 42.5811335)
BRK_272877,CIRCUITBREAKER,CB_MG,1978-01-10,OPERATING,,brk_272877,0,COMLK9524,Air Magnetic Circuit Breaker,POINT (-83.4807292 42.5811075)
BRK_272878,CIRCUITBREAKER,CB_MG,2003-09-13,OPERATING,,brk_272878,1480,COMLK9539,Oil Circuit Breaker,POINT (-83.4807020 42.5811330)
BRK_272879,CIRCUITBREAKER,CB_MG,1974-02-02,OPERATING,2008-01-25,brk_272879,1939,COMLK9538,Air Magnetic Circuit Breaker,POINT (-83.4806884 42.5811067)
BRK_272880,CIRCUITBREAKER,CB_MG,2002-01-01,OPERATING,,brk_272880,0,COMLK9539,Air Blast Circuit Breaker,POINT (-83.4807030 42.5811070)
BRK_273185,CIRCUITBREAKER,CB_MG,1978-06-18,OPERATING,,brk_273185,0,NIXON9061,SF6 Circuit Breaker,POINT (-83.3870629 42.6540136)
BRK_273186,CIRCUITBREAKER,CB_MG,1978-06-18,OPERATING,2016-06-08,brk_273186,0,NIXON8932,Air Magnetic Circuit Breaker,POINT (-83.3869112 42.6540101)
BRK_273187,CIRCUITBREAKER,CB_MG,1978-06-18,OPERATING,,brk_273187,0,NIXON8197,Air Magnetic Circuit Breaker,POINT (-83.3867521 42.6540061)
BRK_273192,CIRCUITBREAKER,CB_MG,1978-06-18,OPERATING,2010-06-10,brk_273192,338,NIXON9098,Air Magnetic Circuit Breaker,POINT (-83.3871008 42.6539598)
BRK_273193,CIRCUITBREAKER,CB_MG,1978-06-18,OPERATING,2017-06-08,brk_273193,954,NIXON9061,Air Magnetic Circuit Breaker,POINT (-83.3870736 42.6539591)
BRK_273809,CIRCUITBREAKER,CB_MG,1993-06-13,OPERATING,,brk_273809,0,COMLK,Oil Circuit Breaker,POINT (-83.4807758 42.5810953)
BRK_273810,CIRCUITBREAKER,CB_MG,2002-01-01,OPERATING,,brk_273810,0,COMLK9050,SF6 Circuit Breaker,POINT (-83.4807535 42.5811643)
BRK_273811,CIRCUITBREAKER,CB_MG,2002-01-01,OPERATING,,brk_273811,0,COMLK9524,Vacuum Circuit Breaker,POINT (-83.4807191 42.5811635)
BRK_373650,CIRCUITBREAKER,CB_MG,1978-06-18,OPERATING,,brk_373650,0,NIXON,Air Magnetic Circuit Breaker,POINT (-83.3870202 42.6539130)
BRK_389025,CIRCUITBREAKER,CB_MG,2008-01-12,OPERATING,,brk_389025,0,COMLK,Vacuum Circuit Breaker,POINT (-83.4807255 42.5810488)
BRK_389026,CIRCUITBREAKER,CB_MG,1976-12-30,DECOMMISSIONED,2008-12-22,brk_389026,0,COMLK,Air Magnetic Circuit Breaker,POINT (-83.4808138 42.5810505)
BRK_390609,CIRCUITBREAKER,CB_MG,1971-07-23,OPERATING,,brk_390609,0,LILY,Air Magnetic Circuit Breaker,POINT (-83.4093884 42.5653036)
BRK_390610,CIRCUITBREAKER,CB_MG,1980-12-13,DECOMMISSIONED,2012-12-05,brk_390610,0,LILY,Vacuum Circuit Breaker,POINT (-83.4092810 42.5653011)
BRK_463570,CIRCUITBREAKER,CB_MG,2003-07-26,OPERATING,,brk_463570,0,LILY 9253,SF6 Circuit Breaker,POINT (-83.4094267 42.5653669)
BRK_463571,CIRCUITBREAKER,CB_MG,2006-03-24,OPERATING,,brk_463571,1090,LILY 9253,Air Blast Circuit Breaker,POINT (-83.4094260 42.5653866)
BRK_493979,CIRCUITBREAKER,CB_MG,1994-12-10,OPERATING,,brk_493979,1939,COMLK9538,Circuit Breaker,POINT (-83.4806926 42.5811759)
BRK_493980,CIRCUITBREAKER,CB_MG,2005-01-27,OPERATING,,brk_493980,1480,COMLK9539,Circuit Breaker,POINT (-83.4807069 42.5811759)
BRK_493981,CIRCUITBREAKER,CB_MG,2007-08-25,OPERATING,,brk_493981,2124,COMLK9524,Circuit Breaker,POINT (-83.4807325 42.5811767)
BRK_493982,CIRCUITBREAKER,CB_MG,1989-04-03,OPERATING,,brk_493982,1483,COMLK9050,Circuit Breaker,POINT (-83.4807389 42.5811767)
BRK_493983,CIRCUITBREAKER,CB_MG,1986-02-22,OPERATING,,brk_493983,0,COMLK9020,Circuit Breaker,POINT (-83.4807691 42.5811776)
BRK_493984,CIRCUITBREAKER,CB_MG,1994-06-14,OPERATING,,brk_493984,2530,COMLK9525,Circuit Breaker,POINT (-83.4808314 42.5811789)
BRK_501986,CIRCUITBREAKER,CB_MG,2000-06-20,OPERATING,,brk_501986,1090,LILY 9253,Circuit Breaker,POINT (-83.4094295 42.5654266)
BRK_501987,CIRCUITBREAKER,CB_MG,1974-03-29,OPERATING,,brk_501987,1449,LILY 9120,Circuit Breaker,POINT (-83.4094104 42.5654263)
BRK_501988,CIRCUITBREAKER,CB_MG,1981-06-19,OPERATING,,brk_501988,0,LILY 8955,Circuit Breaker,POINT (-83.4093879 42.5654251)
BRK_501991,CIRCUITBREAKER,CB_MG,1970-10-16,OPERATING,2006-10-07,brk_501991,2223,LILY 9038,Circuit Breaker,POINT (-83.4092827 42.5654229)
BRK_501992,CIRCUITBREAKER,CB_MG,1992-02-24,OPERATING,,brk_501992,2002,LILY 9105,Circuit Breaker,POINT (-83.4092585 42.5654223)
BRK_501993,CIRCUITBREAKER,CB_MG,2008-07-28,OPERATING,,brk_501993,904,LILY 9126,Circuit Breaker,POINT (-83.4092344 42.5654219)
BRK_503576,CIRCUITBREAKER,CB_MG,2001-09-06,OPERATING,,brk_503576,2110,NIXON9141,Circuit Breaker,POINT (-83.3871353 42.6540359)
BRK_503577,CIRCUITBREAKER,CB_MG,2003-03-20,OPERATING,,brk_503577,238,NIXON9098,Vacuum Circuit Breaker,POINT (-83.3871095 42.6540352)
BRK_503578,CIRCUITBREAKER,CB_MG,2010-06-30,OPERATING,,brk_503578,954,NIXON9061,Circuit Breaker,POINT (-83.3870830 42.6540346)
BRK_503579,CIRCUITBREAKER,CB_MG,1994-10-27,OPERATING,,brk_503579,2880,NIXON8932,Circuit Breaker,POINT (-83.3869316 42.6540312)
BRK_503580,CIRCUITBREAKER,CB_MG,1993-10-21,OPERATING,,brk_503580,0,NIXON8223,Circuit Breaker,POINT (-83.3868720 42.6540297)
BRK_503581,CIRCUITBREAKER,CB_MG,2002-10-24,OPERATING,,brk_503581,2720,NIXON8926,Circuit Breaker,POINT (-83.3868316 42.6540289)
BRK_503582,CIRCUITBREAKER,CB_MG,1975-09-15,OPERATING,2012-09-05,brk_503582,2146,NIXON8201,Circuit Breaker,POINT (-83.3868069 42.6540282)
BRK_503583,CIRCUITBREAKER,CB_MG,1988-09-21,OPERATING,2019-09-14,brk_503583,1851,NIXON8197,Circuit Breaker,POINT (-83.3867799 42.6540274)
BRK_503584,CIRCUITBREAKER,CB_MG,2008-04-13,OPERATING,,brk_503584,2747,NIXON8943,Circuit Breaker,POINT (-83.3867246 42.6540259)
BRK_870615,CIRCUITBREAKER,CB_MG,1987-11-10,DECOMMISSIONED,2018-11-02,brk_870615,0,NIXON,Vacuum Circuit Breaker,POINT (-83.3866510 42.6537612)
