LOCATION,CLASSIFICATIONID,GROUPNAME,INSTALLDATE,STATUS,STATUSDATE,DESCRIPTION,SPEC.NUMBEROFCUSTOMERS,SPEC.FEEDER,GEOMETRY
IT_5014,INSTRUMENTTRANSFORMER,IT_MG,2013-03-18,OPERATING,,IT_5014,2,COMLK9539,POINT (-83.5125150 42.6031700)
IT_5027,INSTRUMENTTRANSFORMER,IT_MG,2012-12-31,OPERATING,,IT_5027,8,LILY 8955,POINT (-83.3879009 42.5607780)
IT_5028,INSTRUMENTTRANSFORMER,IT_MG,1991-08-31,OPERATING,,IT_5028,7,NIXON8926,POINT (-83.4046429 42.6305450)
IT_5031,INSTRUMENTTRANSFORMER,IT_MG,1989-12-18,OPERATING,,IT_5031,5,NIXON8943,POINT (-83.3915511 42.6583519)
IT_5037,INSTRUMENTTRANSFORMER,IT_MG,1987-11-08,DECOMMISSIONED,2017-10-31,IT_5037,2,NIXON8926,POINT (-83.3922661 42.6568340)
IT_5039,INSTRUMENTTRANSFORMER,IT_MG,1984-06-27,OPERATING,,IT_5039,9,NIXON8223,POINT (-83.4135970 42.6115259)
IT_5040,INSTRUMENTTRANSFORMER,IT_MG,1976-08-13,OPERATING,,IT_5040,5,NIXON8197,POINT (-83.3996500 42.6411509)
IT_5042,INSTRUMENTTRANSFORMER,IT_MG,2013-09-02,OPERATING,,IT_5042,2,NIXON8932,POINT (-83.3997171 42.6410079)
IT_5050,INSTRUMENTTRANSFORMER,IT_MG,2016-10-06,OPERATING,,IT_5050,6,LILY 9105,POINT (-83.3792310 42.5638119)
IT_5054,INSTRUMENTTRANSFORMER,IT_MG,1991-12-24,OPERATING,,IT_5054,2,LILY 9120,POINT (-83.3880121 42.5607390)
IT_5071,INSTRUMENTTRANSFORMER,IT_MG,1999-03-02,OPERATING,,IT_5071,8,COMLK9539,POINT (-83.5255874 42.6057025)
IT_5076,INSTRUMENTTRANSFORMER,IT_MG,2012-05-19,OPERATING,,IT_5076,9,LILY 9105,POINT (-83.3876350 42.5608711)
IT_5077,INSTRUMENTTRANSFORMER,IT_MG,2003-11-20,OPERATING,,IT_5077,3,NIXON9061,POINT (-83.3939290 42.6533030)
IT_5079,INSTRUMENTTRANSFORMER,IT_MG,2013-04-02,OPERATING,,IT_5079,9,COMLK,POINT (-83.4772830 42.6122370)
IT_5083,INSTRUMENTTRANSFORMER,IT_MG,1989-01-08,DECOMMISSIONED,2019-01-01,IT_5083,2,LILY 9105,POINT (-83.3755420 42.5651029)
IT_5084,INSTRUMENTTRANSFORMER,IT_MG,2006-08-27,OPERATING,,IT_5084,10,LILY 9105,POINT (-83.3754000 42.5651520)
IT_5085,INSTRUMENTTRANSFORMER,IT_MG,1984-01-30,DECOMMISSIONED,2020-01-21,IT_5085,2,COMLK,POINT (-83.5224950 42.5983340)
IT_5090,INSTRUMENTTRANSFORMER,IT_MG,1996-02-10,OPERATING,,IT_5090,5,LILY 9253,POINT (-83.3774251 42.5644439)
IT_5099,INSTRUMENTTRANSFORMER,IT_MG,1991-09-20,OPERATING,,IT_5099,4,LILY,POINT (-83.3764010 42.5648020)
IT_5105,INSTRUMENTTRANSFORMER,IT_MG,1987-02-14,OPERATING,,IT_5105,10,NIXON8223,POINT (-83.3997910 42.6408510)
IT_5121,INSTRUMENTTRANSFORMER,IT_MG,1982-05-16,OPERATING,,IT_5121,9,NIXON8197,POINT (-83.3995400 42.6413839)
IT_5125,INSTRUMENTTRANSFORMER,IT_MG,2000-06-18,OPERATING,,IT_5125,7,COMLK9050,POINT (-83.5059330 42.6054250)
IT_5134,INSTRUMENTTRANSFORMER,IT_MG,2004-02-28,OPERATING,,IT_5134,4,LILY 9105,POINT (-83.3928600 42.5590430)
IT_5136,INSTRUMENTTRANSFORMER,IT_MG,2008-01-31,OPERATING,,IT_5136,2,LILY 9120,POINT (-83.3895500 42.5602010)
IT_5140,INSTRUMENTTRANSFORMER,IT_MG,2003-11-03,OPERATING,,IT_5140,6,NIXON9141,POINT (-83.3914651 42.6585360)
IT_5143,INSTRUMENTTRANSFORMER,IT_MG,2013-04-25,OPERATING,,IT_5143,7,COMLK9538,POINT (-83.5040750 42.5723811)
IT_5145,INSTRUMENTTRANSFORMER,IT_MG,1983-06-22,OPERATING,,IT_5145,7,LILY 9253,POINT (-83.4051480 42.5547431)
IT_5152,INSTRUMENTTRANSFORMER,IT_MG,2002-04-11,OPERATING,,IT_5152,3,LILY 9120,POINT (-83.3818639 42.5628909)
IT_5155,INSTRUMENTTRANSFORMER,IT_MG,1980-09-21,DECOMMISSIONED,2015-09-13,IT_5155,2,COMLK9538,POINT (-83.5048059 42.5721539)
IT_5156,INSTRUMENTTRANSFORMER,IT_MG,2015-07-25,OPERATING,,IT_5156,7,NIXON8943,POINT (-83.3913700 42.6587380)
IT_5159,INSTRUMENTTRANSFORMER,IT_MG,1981-05-06,DECOMMISSIONED,2011-04-29,IT_5159,2,LILY 9105,POINT (-83.3787760 42.5639710)
IT_5160,INSTRUMENTTRANSFORMER,IT_MG,2012-04-20,OPERATING,,IT_5160,4,LILY 9105,POINT (-83.4088399 42.5534511)
IT_5161,INSTRUMENTTRANSFORMER,IT_MG,1978-12-03,OPERATING,,IT_5161,10,NIXON9098,POINT (-83.3858031 42.6549905)
IT_5162,INSTRUMENTTRANSFORMER,IT_MG,1977-02-11,DECOMMISSIONED,2013-02-02,IT_5162,6,LILY 9105,POINT (-83.3847989 42.5618640)
IT_5175,INSTRUMENTTRANSFORMER,IT_MG,1985-07-10,DECOMMISSIONED,2015-07-03,IT_5175,8,COMLK9050,POINT (-83.4932319 42.6073320)
IT_5177,INSTRUMENTTRANSFORMER,IT_MG,1996-02-04,OPERATING,,IT_5177,10,LILY 9120,POINT (-83.3932620 42.5589020)
IT_5180,INSTRUMENTTRANSFORMER,IT_MG,1984-02-21,DECOMMISSIONED,2016-02-13,IT_5180,9,COMLK9538,POINT (-83.5067000 42.5744961)
IT_5183,INSTRUMENTTRANSFORMER,IT_MG,1992-07-19,OPERATING,,IT_5183,4,COMLK9020,POINT (-83.4795840 42.5737601)
IT_5190,INSTRUMENTTRANSFORMER,IT_MG,2015-02-19,OPERATING,,IT_5190,5,LILY 9253,POINT (-83.3822130 42.5627681)
IT_5192,INSTRUMENTTRANSFORMER,IT_MG,1995-03-25,OPERATING,,IT_5192,10,LILY 9126,POINT (-83.3966000 42.5577340)
IT_5194,INSTRUMENTTRANSFORMER,IT_MG,2012-05-15,OPERATING,,IT_5194,2,COMLK9538,POINT (-83.5043830 42.5618209)
IT_5198,INSTRUMENTTRANSFORMER,IT_MG,1977-04-22,OPERATING,,IT_5198,7,COMLK9050,POINT (-83.4932500 42.6149400)
IT_5203,INSTRUMENTTRANSFORMER,IT_MG,2000-07-12,OPERATING,,IT_5203,7,COMLK9050,POINT (-83.4908011 42.5923861)
IT_5210,INSTRUMENTTRANSFORMER,IT_MG,1987-05-24,OPERATING,,IT_5210,3,LILY,POINT (-83.4082800 42.5536470)
IT_5212,INSTRUMENTTRANSFORMER,IT_MG,1981-01-01,DECOMMISSIONED,2018-12-23,IT_5212,3,LILY 9126,POINT (-83.3804440 42.5633870)
IT_5214,INSTRUMENTTRANSFORMER,IT_MG,1993-12-25,OPERATING,,IT_5214,3,COMLK,POINT (-83.5000940 42.6052221)
IT_5217,INSTRUMENTTRANSFORMER,IT_MG,1985-10-11,OPERATING,,IT_5217,2,NIXON9098,POINT (-83.3858031 42.6546505)
IT_5233,INSTRUMENTTRANSFORMER,IT_MG,2007-07-30,OPERATING,,IT_5233,5,LILY 9038,POINT (-83.4057861 42.5545199)
IT_5237,INSTRUMENTTRANSFORMER,IT_MG,1991-05-09,OPERATING,,IT_5237,4,NIXON8201,POINT (-83.4030281 42.6339740)
IT_5238,INSTRUMENTTRANSFORMER,IT_MG,1978-10-01,DECOMMISSIONED,2013-09-22,IT_5238,3,COMLK9050,POINT (-83.4954101 42.6066631)
IT_5239,INSTRUMENTTRANSFORMER,IT_MG,2006-08-11,OPERATING,,IT_5239,4,COMLK9539,POINT (-83.5224850 42.5988741)
IT_5240,INSTRUMENTTRANSFORMER,IT_MG,2010-11-29,OPERATING,,IT_5240,2,NIXON8197,POINT (-83.4008179 42.6386690)
IT_5241,INSTRUMENTTRANSFORMER,IT_MG,1980-10-03,DECOMMISSIONED,2010-09-26,IT_5241,10,COMLK9020,POINT (-83.4805320 42.5760080)
IT_5245,INSTRUMENTTRANSFORMER,IT_MG,1980-03-14,DECOMMISSIONED,2010-03-07,IT_5245,6,NIXON8943,POINT (-83.4112330 42.6165460)
IT_5248,INSTRUMENTTRANSFORMER,IT_MG,2009-10-22,OPERATING,,IT_5248,5,LILY 9120,POINT (-83.3777370 42.5643350)
IT_5258,INSTRUMENTTRANSFORMER,IT_MG,2004-11-23,OPERATING,,IT_5258,4,NIXON9141,POINT (-83.3956860 42.6495700)
IT_5268,INSTRUMENTTRANSFORMER,IT_MG,2012-04-14,OPERATING,,IT_5268,5,COMLK9050,POINT (-83.4951620 42.5953521)
IT_5274,INSTRUMENTTRANSFORMER,IT_MG,2008-03-19,OPERATING,,IT_5274,8,LILY 9253,POINT (-83.3951330 42.5582480)
IT_5280,INSTRUMENTTRANSFORMER,IT_MG,1982-06-06,OPERATING,,IT_5280,2,LILY,POINT (-83.3871010 42.5610580)
IT_5288,INSTRUMENTTRANSFORMER,IT_MG,2010-03-03,OPERATING,,IT_5288,8,LILY 9253,POINT (-83.3786439 42.5640170)
IT_5295,INSTRUMENTTRANSFORMER,IT_MG,1999-04-12,OPERATING,,IT_5295,3,COMLK9020,POINT (-83.4807099 42.5792679)
IT_5303,INSTRUMENTTRANSFORMER,IT_MG,2016-08-19,OPERATING,,IT_5303,6,NIXON8926,POINT (-83.3936249 42.6539491)
IT_5306,INSTRUMENTTRANSFORMER,IT_MG,1997-01-28,OPERATING,,IT_5306,5,LILY 9126,POINT (-83.3831730 42.5624329)
IT_5308,INSTRUMENTTRANSFORMER,IT_MG,1999-10-18,OPERATING,,IT_5308,8,COMLK9539,POINT (-83.4980745 42.5979704)
IT_5312,INSTRUMENTTRANSFORMER,IT_MG,2011-06-17,OPERATING,,IT_5312,4,COMLK9525,POINT (-83.4736630 42.5720470)
IT_5314,INSTRUMENTTRANSFORMER,IT_MG,1989-08-15,OPERATING,,IT_5314,3,LILY 9126,POINT (-83.3898910 42.5600820)
IT_5317,INSTRUMENTTRANSFORMER,IT_MG,2009-08-15,OPERATING,,IT_5317,8,LILY 9120,POINT (-83.4085300 42.5535600)
IT_5328,INSTRUMENTTRANSFORMER,IT_MG,1984-01-25,DECOMMISSIONED,2014-01-17,IT_5328,4,LILY 9105,POINT (-83.3925770 42.5591420)
IT_5330,INSTRUMENTTRANSFORMER,IT_MG,1982-10-24,DECOMMISSIONED,2015-10-16,IT_5330,9,NIXON8197,POINT (-83.4136991 42.6113100)
IT_5336,INSTRUMENTTRANSFORMER,IT_MG,1995-03-25,OPERATING,,IT_5336,8,LILY 9126,POINT (-83.4085980 42.5535361)
IT_5346,INSTRUMENTTRANSFORMER,IT_MG,1977-03-08,DECOMMISSIONED,2015-02-27,IT_5346,4,LILY 9126,POINT (-83.3934330 42.5588430)
IT_5351,INSTRUMENTTRANSFORMER,IT_MG,1998-08-23,OPERATING,,IT_5351,7,COMLK,POINT (-83.4850261 42.6098561)
IT_5354,INSTRUMENTTRANSFORMER,IT_MG,1992-09-16,OPERATING,,IT_5354,2,COMLK9538,POINT (-83.5083870 42.5535950)
IT_5363,INSTRUMENTTRANSFORMER,IT_MG,1998-08-16,OPERATING,,IT_5363,3,COMLK9524,POINT (-83.4779170 42.6005110)
IT_5368,INSTRUMENTTRANSFORMER,IT_MG,1997-03-23,OPERATING,,IT_5368,3,COMLK9050,POINT (-83.5045231 42.5906260)
IT_5379,INSTRUMENTTRANSFORMER,IT_MG,1989-10-26,OPERATING,,IT_5379,3,LILY 9126,POINT (-83.3808900 42.5632311)
IT_5384,INSTRUMENTTRANSFORMER,IT_MG,1984-10-28,DECOMMISSIONED,2017-10-20,IT_5384,2,NIXON8932,POINT (-83.3976461 42.6454069)
IT_5386,INSTRUMENTTRANSFORMER,IT_MG,2012-08-23,OPERATING,,IT_5386,5,NIXON8223,POINT (-83.4032970 42.6334040)
IT_5388,INSTRUMENTTRANSFORMER,IT_MG,1994-04-02,OPERATING,,IT_5388,10,COMLK9525,POINT (-83.4731231 42.5785970)
IT_5391,INSTRUMENTTRANSFORMER,IT_MG,2013-10-23,OPERATING,,IT_5391,8,COMLK9525,POINT (-83.4736920 42.5688040)
IT_5398,INSTRUMENTTRANSFORMER,IT_MG,1991-08-07,OPERATING,,IT_5398,7,NIXON9061,POINT (-83.3959201 42.6490740)
IT_5408,INSTRUMENTTRANSFORMER,IT_MG,1992-06-08,OPERATING,,IT_5408,4,LILY 9120,POINT (-83.3930300 42.5589840)
IT_5410,INSTRUMENTTRANSFORMER,IT_MG,1995-05-01,OPERATING,,IT_5410,10,NIXON8932,POINT (-83.4055261 42.6286699)
IT_5417,INSTRUMENTTRANSFORMER,IT_MG,2003-07-10,OPERATING,,IT_5417,2,NIXON8201,POINT (-83.4133251 42.6121039)
IT_5420,INSTRUMENTTRANSFORMER,IT_MG,2006-05-17,OPERATING,,IT_5420,4,LILY 9105,POINT (-83.4049801 42.5548021)
IT_5429,INSTRUMENTTRANSFORMER,IT_MG,2012-06-30,OPERATING,,IT_5429,9,COMLK,POINT (-83.5033100 42.6042330)
IT_5431,INSTRUMENTTRANSFORMER,IT_MG,1998-09-06,OPERATING,,IT_5431,5,LILY 9253,POINT (-83.3835851 42.5622889)
IT_5436,INSTRUMENTTRANSFORMER,IT_MG,1993-01-05,OPERATING,,IT_5436,3,NIXON9141,POINT (-83.3947380 42.6515830)
IT_5442,INSTRUMENTTRANSFORMER,IT_MG,1979-07-29,OPERATING,,IT_5442,4,LILY 9038,POINT (-83.3754560 42.5651329)
IT_5444,INSTRUMENTTRANSFORMER,IT_MG,2008-02-15,OPERATING,,IT_5444,10,COMLK9538,POINT (-83.4859430 42.5757289)
IT_5448,INSTRUMENTTRANSFORMER,IT_MG,2016-06-16,OPERATING,,IT_5448,3,NIXON,POINT (-83.4116589 42.6156419)
IT_5450,INSTRUMENTTRANSFORMER,IT_MG,1992-02-24,OPERATING,,IT_5450,10,LILY 9253,POINT (-83.4058751 42.5544891)
IT_5459,INSTRUMENTTRANSFORMER,IT_MG,2002-07-03,OPERATING,,IT_5459,3,COMLK9538,POINT (-83.5159740 42.5754099)
IT_5467,INSTRUMENTTRANSFORMER,IT_MG,1989-09-24,OPERATING,,IT_5467,10,NIXON8223,POINT (-83.3929311 42.6554220)
IT_5468,INSTRUMENTTRANSFORMER,IT_MG,1983-05-04,OPERATING,,IT_5468,10,LILY 9126,POINT (-83.4065440 42.5542551)
IT_5469,INSTRUMENTTRANSFORMER,IT_MG,2004-02-25,OPERATING,,IT_5469,2,COMLK,POINT (-83.4863839 42.6094390)
IT_5471,INSTRUMENTTRANSFORMER,IT_MG,2007-02-16,OPERATING,,IT_5471,8,NIXON8943,POINT (-83.4045460 42.6307510)
IT_5477,INSTRUMENTTRANSFORMER,IT_MG,2011-02-06,OPERATING,,IT_5477,10,NIXON8223,POINT (-83.3991830 42.6421430)
IT_5483,INSTRUMENTTRANSFORMER,IT_MG,2015-07-06,OPERATING,,IT_5483,5,COMLK,POINT (-83.4958920 42.6065151)
IT_5484,INSTRUMENTTRANSFORMER,IT_MG,1982-11-09,DECOMMISSIONED,2018-10-31,IT_5484,8,COMLK9050,POINT (-83.5012700 42.6154030)