LOCATION,CLASSIFICATIONID,GROUPNAME,INSTALLDATE,STATUS,STATUSDATE,DESCRIPTION,SPEC.NUMBEROFCUSTOMERS,SPEC.FEEDER,GEOMETRY
SWITCHGEAR_5014,SWITCHGEAR,SG_MG,2000-09-29,OPERATING,,Switchgear_5014,2,LILY 9038,POINT (-83.3806290 42.5633229)
SWITCHGEAR_5027,SWITCHGEAR,SG_MG,1992-08-01,OPERATING,,Switchgear_5027,5,LILY 9038,POINT (-83.4054449 42.5546400)
SWITCHGEAR_5028,SWITCHGEAR,SG_MG,1993-03-01,OPERATING,,Switchgear_5028,8,LILY,POINT (-83.4068350 42.5541530)
SWITCHGEAR_5031,SWITCHGEAR,SG_MG,2001-01-27,OPERATING,,Switchgear_5031,4,LILY,POINT (-83.4024460 42.5556890)
SWITCHGEAR_5037,SWITCHGEAR,SG_MG,2012-03-05,OPERATING,,Switchgear_5037,3,COMLK,POINT (-83.5198710 42.5991400)
SWITCHGEAR_5039,SWITCHGEAR,SG_MG,1998-05-16,OPERATING,,Switchgear_5039,2,NIXON8932,POINT (-83.3992311 42.6420401)
SWITCHGEAR_5040,SWITCHGEAR,SG_MG,1994-12-05,OPERATING,,Switchgear_5040,6,NIXON9061,POINT (-83.3986650 42.6432430)
SWITCHGEAR_5042,SWITCHGEAR,SG_MG,1978-01-02,DECOMMISSIONED,2012-12-24,Switchgear_5042,5,COMLK9538,POINT (-83.5136600 42.6010511)
SWITCHGEAR_5050,SWITCHGEAR,SG_MG,1997-05-18,OPERATING,,Switchgear_5050,10,NIXON8197,POINT (-83.4044951 42.6308590)
SWITCHGEAR_5054,SWITCHGEAR,SG_MG,1990-09-02,OPERATING,,Switchgear_5054,4,NIXON9061,POINT (-83.4122039 42.6144851)
SWITCHGEAR_5071,SWITCHGEAR,SG_MG,1990-12-14,OPERATING,,Switchgear_5071,9,COMLK9050,POINT (-83.4870381 42.6092370)
SWITCHGEAR_5076,SWITCHGEAR,SG_MG,1987-04-11,OPERATING,,Switchgear_5076,7,NIXON8201,POINT (-83.4013349 42.6375720)
SWITCHGEAR_5077,SWITCHGEAR,SG_MG,2011-05-26,OPERATING,,Switchgear_5077,6,LILY 9120,POINT (-83.3836350 42.5622710)
SWITCHGEAR_5079,SWITCHGEAR,SG_MG,2000-01-27,OPERATING,,Switchgear_5079,3,COMLK9050,POINT (-83.4920461 42.6076971)
SWITCHGEAR_5083,SWITCHGEAR,SG_MG,2004-08-29,OPERATING,,Switchgear_5083,2,LILY 9105,POINT (-83.3871730 42.5610330)
SWITCHGEAR_5084,SWITCHGEAR,SG_MG,2013-08-13,OPERATING,,Switchgear_5084,7,COMLK9524,POINT (-83.4908449 42.6080670)
SWITCHGEAR_5085,SWITCHGEAR,SG_MG,1989-05-25,OPERATING,,Switchgear_5085,5,COMLK9524,POINT (-83.5032021 42.6042660)
SWITCHGEAR_5090,SWITCHGEAR,SG_MG,2016-05-11,OPERATING,,Switchgear_5090,8,COMLK9539,POINT (-83.5195421 42.5992421)
SWITCHGEAR_5099,SWITCHGEAR,SG_MG,2000-02-25,OPERATING,,Switchgear_5099,8,COMLK9050,POINT (-83.4965041 42.6063260)
SWITCHGEAR_5105,SWITCHGEAR,SG_MG,1986-03-08,OPERATING,,Switchgear_5105,8,NIXON9098,POINT (-83.3858031 42.6549915)
SWITCHGEAR_5121,SWITCHGEAR,SG_MG,1989-11-03,OPERATING,,Switchgear_5121,10,COMLK,POINT (-83.5217561 42.5985610)
SWITCHGEAR_5125,SWITCHGEAR,SG_MG,1985-10-19,DECOMMISSIONED,2017-10-11,Switchgear_5125,4,LILY 9105,POINT (-83.3863250 42.5613301)
SWITCHGEAR_5134,SWITCHGEAR,SG_MG,1987-10-23,OPERATING,,Switchgear_5134,3,COMLK9020,POINT (-83.4935620 42.6072310)
SWITCHGEAR_5136,SWITCHGEAR,SG_MG,2011-07-11,OPERATING,,Switchgear_5136,6,LILY,POINT (-83.3950561 42.5582740)
SWITCHGEAR_5140,SWITCHGEAR,SG_MG,2013-12-22,OPERATING,,Switchgear_5140,6,NIXON8201,POINT (-83.3999461 42.6405209)
SWITCHGEAR_5143,SWITCHGEAR,SG_MG,2004-08-24,OPERATING,,Switchgear_5143,8,LILY,POINT (-83.4066020 42.5542349)
SWITCHGEAR_5145,SWITCHGEAR,SG_MG,2002-10-09,OPERATING,,Switchgear_5145,7,LILY 9120,POINT (-83.3903230 42.5599309)
SWITCHGEAR_5152,SWITCHGEAR,SG_MG,2002-09-22,OPERATING,,Switchgear_5152,10,LILY 8955,POINT (-83.4081660 42.5536869)
SWITCHGEAR_5155,SWITCHGEAR,SG_MG,2001-02-23,OPERATING,,Switchgear_5155,10,LILY 9126,POINT (-83.3882441 42.5606580)
SWITCHGEAR_5156,SWITCHGEAR,SG_MG,1983-10-05,OPERATING,,Switchgear_5156,8,LILY 8955,POINT (-83.3846441 42.5619180)
SWITCHGEAR_5159,SWITCHGEAR,SG_MG,2007-09-21,OPERATING,,Switchgear_5159,2,LILY,POINT (-83.3925069 42.5591660)
SWITCHGEAR_5160,SWITCHGEAR,SG_MG,1979-09-15,DECOMMISSIONED,2016-09-05,Switchgear_5160,10,LILY 9038,POINT (-83.3838620 42.5621910)
SWITCHGEAR_5161,SWITCHGEAR,SG_MG,1990-04-05,OPERATING,,Switchgear_5161,8,COMLK9020,POINT (-83.4884660 42.6087979)
SWITCHGEAR_5162,SWITCHGEAR,SG_MG,2017-02-10,OPERATING,,Switchgear_5162,4,COMLK9050,POINT (-83.4995950 42.6053760)
SWITCHGEAR_5175,SWITCHGEAR,SG_MG,1999-07-03,OPERATING,,Switchgear_5175,2,NIXON8932,POINT (-83.3975430 42.6456270)
SWITCHGEAR_5177,SWITCHGEAR,SG_MG,1993-10-23,OPERATING,,Switchgear_5177,10,LILY 9253,POINT (-83.3852559 42.5617041)
SWITCHGEAR_5180,SWITCHGEAR,SG_MG,1978-12-02,DECOMMISSIONED,2012-11-23,Switchgear_5180,5,NIXON8943,POINT (-83.4027931 42.6344741)
SWITCHGEAR_5183,SWITCHGEAR,SG_MG,1987-10-12,DECOMMISSIONED,2017-10-04,Switchgear_5183,8,COMLK9524,POINT (-83.4873599 42.6091379)
SWITCHGEAR_5190,SWITCHGEAR,SG_MG,1978-07-21,OPERATING,,Switchgear_5190,2,LILY 9120,POINT (-83.3943620 42.5585179)
SWITCHGEAR_5192,SWITCHGEAR,SG_MG,1996-12-18,OPERATING,,Switchgear_5192,3,NIXON8932,POINT (-83.3970209 42.6467349)
SWITCHGEAR_5194,SWITCHGEAR,SG_MG,2008-11-17,OPERATING,,Switchgear_5194,3,LILY,POINT (-83.4061560 42.5543910)
SWITCHGEAR_5198,SWITCHGEAR,SG_MG,2004-02-21,OPERATING,,Switchgear_5198,4,COMLK,POINT (-83.4893330 42.6085321)
SWITCHGEAR_5203,SWITCHGEAR,SG_MG,1976-08-31,DECOMMISSIONED,2007-08-24,Switchgear_5203,6,NIXON,POINT (-83.3979510 42.6447580)
SWITCHGEAR_5210,SWITCHGEAR,SG_MG,1992-03-25,OPERATING,,Switchgear_5210,4,COMLK,POINT (-83.5022190 42.6045689)
SWITCHGEAR_5212,SWITCHGEAR,SG_MG,2005-07-09,OPERATING,,Switchgear_5212,7,COMLK9539,POINT (-83.5189111 42.5994360)
SWITCHGEAR_5214,SWITCHGEAR,SG_MG,2010-08-14,OPERATING,,Switchgear_5214,9,NIXON8201,POINT (-83.4040311 42.6318440)
SWITCHGEAR_5217,SWITCHGEAR,SG_MG,1982-05-03,OPERATING,,Switchgear_5217,3,LILY 8955,POINT (-83.3949830 42.5583000)
SWITCHGEAR_5233,SWITCHGEAR,SG_MG,2002-07-19,OPERATING,,Switchgear_5233,2,NIXON8932,POINT (-83.4119060 42.6151171)
SWITCHGEAR_5237,SWITCHGEAR,SG_MG,1994-02-17,OPERATING,,Switchgear_5237,9,LILY 8955,POINT (-83.3821789 42.5627800)
SWITCHGEAR_5238,SWITCHGEAR,SG_MG,2014-12-28,OPERATING,,Switchgear_5238,2,LILY,POINT (-83.3838459 42.5621971)
SWITCHGEAR_5239,SWITCHGEAR,SG_MG,1993-03-22,OPERATING,,Switchgear_5239,7,COMLK9524,POINT (-83.5030990 42.6042980)
SWITCHGEAR_5240,SWITCHGEAR,SG_MG,2005-07-10,OPERATING,,Switchgear_5240,2,COMLK9524,POINT (-83.4849780 42.6098710)
SWITCHGEAR_5241,SWITCHGEAR,SG_MG,1985-03-12,DECOMMISSIONED,2019-03-04,Switchgear_5241,6,NIXON8926,POINT (-83.4044460 42.6309631)
SWITCHGEAR_5245,SWITCHGEAR,SG_MG,1981-04-01,DECOMMISSIONED,2012-03-24,Switchgear_5245,2,LILY 9120,POINT (-83.3968850 42.5576350)
SWITCHGEAR_5248,SWITCHGEAR,SG_MG,1984-08-03,DECOMMISSIONED,2014-07-27,Switchgear_5248,6,LILY,POINT (-83.4037840 42.5552210)
SWITCHGEAR_5258,SWITCHGEAR,SG_MG,2009-10-04,OPERATING,,Switchgear_5258,5,LILY,POINT (-83.3822160 42.5627670)
SWITCHGEAR_5268,SWITCHGEAR,SG_MG,1992-01-27,OPERATING,,Switchgear_5268,4,NIXON9141,POINT (-83.3958969 42.6491219)
SWITCHGEAR_5274,SWITCHGEAR,SG_MG,1984-11-06,DECOMMISSIONED,2018-10-29,Switchgear_5274,4,COMLK9538,POINT (-83.4873370 42.6091450)
SWITCHGEAR_5280,SWITCHGEAR,SG_MG,2012-02-22,OPERATING,,Switchgear_5280,2,NIXON,POINT (-83.3970100 42.6467589)
SWITCHGEAR_5288,SWITCHGEAR,SG_MG,2012-04-24,OPERATING,,Switchgear_5288,6,LILY,POINT (-83.3801891 42.5634770)
SWITCHGEAR_5295,SWITCHGEAR,SG_MG,1996-08-21,OPERATING,,Switchgear_5295,3,COMLK9538,POINT (-83.5057901 42.6034711)
SWITCHGEAR_5303,SWITCHGEAR,SG_MG,2005-05-14,OPERATING,,Switchgear_5303,8,LILY 8955,POINT (-83.3840230 42.5621351)
SWITCHGEAR_5306,SWITCHGEAR,SG_MG,1998-01-06,OPERATING,,Switchgear_5306,6,COMLK9050,POINT (-83.5155540 42.6004680)
SWITCHGEAR_5308,SWITCHGEAR,SG_MG,2005-12-03,OPERATING,,Switchgear_5308,9,NIXON9061,POINT (-83.4057160 42.6282659)
SWITCHGEAR_5312,SWITCHGEAR,SG_MG,1999-03-28,OPERATING,,Switchgear_5312,9,COMLK9020,POINT (-83.4850299 42.6098551)
SWITCHGEAR_5314,SWITCHGEAR,SG_MG,1985-09-18,OPERATING,,Switchgear_5314,9,COMLK9539,POINT (-83.4821610 42.6107370)
SWITCHGEAR_5317,SWITCHGEAR,SG_MG,1980-04-12,OPERATING,,Switchgear_5317,8,LILY,POINT (-83.4052671 42.5547020)
SWITCHGEAR_5328,SWITCHGEAR,SG_MG,2008-09-27,OPERATING,,Switchgear_5328,4,LILY 9126,POINT (-83.3900319 42.5600330)
SWITCHGEAR_5330,SWITCHGEAR,SG_MG,1995-11-10,OPERATING,,Switchgear_5330,6,NIXON8932,POINT (-83.4103230 42.6184811)
SWITCHGEAR_5336,SWITCHGEAR,SG_MG,2001-10-20,OPERATING,,Switchgear_5336,4,NIXON9141,POINT (-83.3959211 42.6490700)
SWITCHGEAR_5346,SWITCHGEAR,SG_MG,1981-12-28,OPERATING,,Switchgear_5346,3,COMLK9538,POINT (-83.4875871 42.6090690)
SWITCHGEAR_5351,SWITCHGEAR,SG_MG,1988-09-13,OPERATING,,Switchgear_5351,3,LILY 9105,POINT (-83.3923909 42.5592069)
SWITCHGEAR_5354,SWITCHGEAR,SG_MG,2010-03-30,OPERATING,,Switchgear_5354,2,COMLK9050,POINT (-83.5176530 42.5998219)
SWITCHGEAR_5363,SWITCHGEAR,SG_MG,2000-04-14,OPERATING,,Switchgear_5363,7,LILY 8955,POINT (-83.3776311 42.5643720)
SWITCHGEAR_5368,SWITCHGEAR,SG_MG,1998-01-13,OPERATING,,Switchgear_5368,8,LILY 9126,POINT (-83.3831009 42.5624579)
SWITCHGEAR_5379,SWITCHGEAR,SG_MG,1977-02-08,OPERATING,,Switchgear_5379,10,NIXON9061,POINT (-83.3945681 42.6519460)
SWITCHGEAR_5384,SWITCHGEAR,SG_MG,2011-06-14,OPERATING,,Switchgear_5384,4,COMLK9538,POINT (-83.4960920 42.6064530)
SWITCHGEAR_5386,SWITCHGEAR,SG_MG,1999-11-01,OPERATING,,Switchgear_5386,7,LILY 9120,POINT (-83.3913090 42.5595859)
SWITCHGEAR_5388,SWITCHGEAR,SG_MG,1987-02-04,DECOMMISSIONED,2017-01-27,Switchgear_5388,3,NIXON8223,POINT (-83.3971281 42.6465080)
SWITCHGEAR_5391,SWITCHGEAR,SG_MG,1978-03-30,DECOMMISSIONED,2016-03-20,Switchgear_5391,9,LILY 9253,POINT (-83.3880280 42.5607339)
SWITCHGEAR_5398,SWITCHGEAR,SG_MG,1998-01-30,OPERATING,,Switchgear_5398,2,LILY 9120,POINT (-83.3771200 42.5645500)
SWITCHGEAR_5408,SWITCHGEAR,SG_MG,1992-07-18,OPERATING,,Switchgear_5408,4,COMLK,POINT (-83.4994310 42.6054261)
SWITCHGEAR_5410,SWITCHGEAR,SG_MG,1997-06-05,OPERATING,,Switchgear_5410,6,NIXON9141,POINT (-83.4113129 42.6163770)
SWITCHGEAR_5417,SWITCHGEAR,SG_MG,1977-01-30,OPERATING,,Switchgear_5417,10,COMLK9539,POINT (-83.4785420 42.6118500)
SWITCHGEAR_5420,SWITCHGEAR,SG_MG,1995-08-20,OPERATING,,Switchgear_5420,8,COMLK9538,POINT (-83.4862830 42.6094690)
SWITCHGEAR_5429,SWITCHGEAR,SG_MG,1997-12-18,OPERATING,,Switchgear_5429,6,NIXON,POINT (-83.4011400 42.6379851)
SWITCHGEAR_5431,SWITCHGEAR,SG_MG,1999-07-19,OPERATING,,Switchgear_5431,7,NIXON8197,POINT (-83.4027159 42.6346390)
SWITCHGEAR_5436,SWITCHGEAR,SG_MG,1979-03-19,OPERATING,,Switchgear_5436,9,NIXON8932,POINT (-83.3928600 42.6555730)
SWITCHGEAR_5442,SWITCHGEAR,SG_MG,1980-03-21,DECOMMISSIONED,2018-03-12,Switchgear_5442,9,NIXON8926,POINT (-83.3965130 42.6478140)
SWITCHGEAR_5444,SWITCHGEAR,SG_MG,1976-08-12,OPERATING,,Switchgear_5444,10,LILY 9253,POINT (-83.3952780 42.5581971)
SWITCHGEAR_5448,SWITCHGEAR,SG_MG,2013-11-06,OPERATING,,Switchgear_5448,8,LILY 9120,POINT (-83.3756711 42.5650570)
SWITCHGEAR_5450,SWITCHGEAR,SG_MG,2012-03-19,OPERATING,,Switchgear_5450,8,COMLK9539,POINT (-83.4978990 42.6058970)
SWITCHGEAR_5459,SWITCHGEAR,SG_MG,1990-10-24,OPERATING,,Switchgear_5459,3,LILY 9038,POINT (-83.3767419 42.5646830)
SWITCHGEAR_5467,SWITCHGEAR,SG_MG,2017-04-19,OPERATING,,Switchgear_5467,5,LILY 8955,POINT (-83.4086880 42.5535050)
SWITCHGEAR_5468,SWITCHGEAR,SG_MG,1989-02-21,DECOMMISSIONED,2020-02-14,Switchgear_5468,6,COMLK9020,POINT (-83.4932559 42.6073251)
SWITCHGEAR_5469,SWITCHGEAR,SG_MG,1988-02-07,OPERATING,,Switchgear_5469,3,NIXON9098,POINT (-83.3858031 42.6549945)
SWITCHGEAR_5471,SWITCHGEAR,SG_MG,1992-01-23,OPERATING,,Switchgear_5471,4,COMLK9020,POINT (-83.4778190 42.6120729)
SWITCHGEAR_5477,SWITCHGEAR,SG_MG,1985-01-04,OPERATING,,Switchgear_5477,5,COMLK9538,POINT (-83.5035150 42.6041700)
SWITCHGEAR_5483,SWITCHGEAR,SG_MG,1988-10-08,OPERATING,,Switchgear_5483,7,LILY 9105,POINT (-83.3878000 42.5608141)
SWITCHGEAR_5484,SWITCHGEAR,SG_MG,2013-10-11,OPERATING,,Switchgear_5484,9,LILY 9253,POINT (-83.3879009 42.5607780)