Organization,Organization description,Site,Site description,System,System description,Location,Location description,Location type,Location type description,Parent location,Asset,Asset description,Asset type,Asset type description,Parent asset
CLIENT-ABC-MLL,,ALPHAVILLE-MLL,,TRANSPORTATION,,,,,,,,,,,
CLIENT-ABC-MLL,,ALPHAVILLE-MLL,,TRANSPORTATION,,SOUTHERN_EXPRESS,,TRAIN_NETWORK,,,,,,,
CLIENT-ABC-MLL,,ALPHAVILLE-MLL,,TRANSPORTATION,,ZONE1_SOUTH,,ZONE,,SOUTHERN_EXPRESS,,,,,
CLIENT-ABC-MLL,,ALPHAVILLE-MLL,,TRANSPORTATION,,ZONE2_SOUTH,,ZONE,,SOUTHERN_EXPRESS,,,,,
CLIENT-ABC-MLL,,ALPHAVILLE-MLL,,TRANSPORTATION,,ZONE1_SOUTH,,ZONE,,SOUTHERN_EXPRESS,TRAIN_1,TRAIN,,,
CLIENT-ABC-MLL,,ALPHAVILLE-MLL,,TRANSPORTATION,,ZONE2_SOUTH,,ZONE,,SOUTHERN_EXPRESS,TRAIN_2,TRAIN,,,
CLIENT-ABC-MLL,,ALPHAVILLE-MLL,,,,,,,,,ENGINE_1,ENGINE,,,TRAIN_1
CLIENT-ABC-MLL,,ALPHAVILLE-MLL,,,,,,,,,ENGINE_2,ENGINE,,,TRAIN_2
CLIENT-ABC-MLL,,ALPHAVILLE-MLL,,TRANSPORTATION,,WESTERN_EXPRESS,,TRAIN_NETWORK,,,,,,,
CLIENT-ABC-MLL,,ALPHAVILLE-MLL,,TRANSPORTATION,,ZONE3_WEST,,ZONE,,WESTERN_EXPRESS,,,,,
CLIENT-ABC-MLL,,ALPHAVILLE-MLL,,TRANSPORTATION,,ZONE4_WEST,,ZONE,,WESTERN_EXPRESS,,,,,
CLIENT-ABC-MLL,,ALPHAVILLE-MLL,,TRANSPORTATION,,ZONE3_WEST,,ZONE,,WESTERN_EXPRESS,TRAIN_3,TRAIN,,,
CLIENT-ABC-MLL,,ALPHAVILLE-MLL,,TRANSPORTATION,,ZONE4_WEST,,ZONE,,WESTERN_EXPRESS,TRAIN_4,TRAIN,,,
CLIENT-ABC-MLL,,ALPHAVILLE-MLL,,,,,,,,,ENGINE_3,ENGINE,,,TRAIN_3
CLIENT-ABC-MLL,,ALPHAVILLE-MLL,,,,,,,,,ENGINE_4,ENGINE,,,TRAIN_4
CLIENT-ABC-MLL,,DUBLIN-MLL,,TRANSPORTATION,,NORTHERN_EXPRESS,,TRAIN_NETWORK,,,,,,,
CLIENT-ABC-MLL,,DUBLIN-MLL,,TRANSPORTATION,,ZONE5_NORTH,,ZONE,,NORTHERN_EXPRESS,,,,,
CLIENT-ABC-MLL,,DUBLIN-MLL,,TRANSPORTATION,,ZONE5_NORTH,,ZONE,,NORTHERN_EXPRESS,TRAIN_5,TRAIN,,,
CLIENT-ABC-MLL,,DUBLIN-MLL,,,,,,,,,ENGINE_5,ENGINE,,,TRAIN_5
CLIENT-ABC-MLL,,DUBLIN-MLL,,TRANSPORTATION,,EASTERN_EXPRESS,,TRAIN_NETWORK,,,,,,,
CLIENT-ABC-MLL,,DUBLIN-MLL,,TRANSPORTATION,,ZONE6_EAST,,ZONE,,EASTERN_EXPRESS,,,,,
CLIENT-ABC-MLL,,DUBLIN-MLL,,TRANSPORTATION,,ZONE6_EAST,,ZONE,,EASTERN_EXPRESS,TRAIN_6,TRAIN,,,
CLIENT-ABC-MLL,,DUBLIN-MLL,,,,,,,,,ENGINE_6,ENGINE,,,TRAIN_6