fail_date,asset_id,description,failure_code,problem_code,site_id,failure_record
2008-01-08,ST_1393137,Pump stopped due to failure,PUMPS,STOPPED,DIST1,1
2008-02-10,ST_1393137,Pump stopped due to failure,PUMPS,STOPPED,DIST1,1
2008-03-11,ST_1393137,Pump stopped due to failure,PUMPS,STOPPED,DIST1,1
2008-04-09,ST_1393137,Pump stopped due to failure,PUMPS,STOPPED,DIST1,1
2008-05-06,ST_1393137,Pump stopped due to failure,PUMPS,STOPPED,DIST1,1
2008-05-18,ST_1393137,Pump stopped due to failure,PUMPS,STOPPED,DIST1,1
2008-06-04,ST_1393137,Pump stopped due to failure,PUMPS,STOPPED,DIST1,1
2008-06-30,ST_1393137,Pump stopped due to failure,PUMPS,STOPPED,DIST1,1
2008-01-24,ST_1393138,Pump stopped due to failure,PUMPS,STOPPED,DIST1,1
2008-02-12,ST_1393138,Pump stopped due to failure,PUMPS,STOPPED,DIST1,1
2008-03-06,ST_1393138,Pump stopped due to failure,PUMPS,STOPPED,DIST1,1
2008-04-10,ST_1393138,Pump stopped due to failure,PUMPS,STOPPED,DIST1,1
2008-05-07,ST_1393138,Pump stopped due to failure,PUMPS,STOPPED,DIST1,1
2008-05-31,ST_1393138,Pump stopped due to failure,PUMPS,STOPPED,DIST1,1
2008-06-25,ST_1393138,Pump stopped due to failure,PUMPS,STOPPED,DIST1,1
2008-07-25,ST_1393138,Pump stopped due to failure,PUMPS,STOPPED,DIST1,1
2008-01-21,ST_1400501,Pump stopped due to failure,PUMPS,STOPPED,DIST1,1
2008-02-20,ST_1400501,Pump stopped due to failure,PUMPS,STOPPED,DIST1,1
2008-03-10,ST_1400501,Pump stopped due to failure,PUMPS,STOPPED,DIST1,1
2008-04-06,ST_1400501,Pump stopped due to failure,PUMPS,STOPPED,DIST1,1
2008-04-19,ST_1400501,Pump stopped due to failure,PUMPS,STOPPED,DIST1,1
2008-05-10,ST_1400501,Pump stopped due to failure,PUMPS,STOPPED,DIST1,1
2008-06-14,ST_1400501,Pump stopped due to failure,PUMPS,STOPPED,DIST1,1
2008-06-26,ST_1400501,Pump stopped due to failure,PUMPS,STOPPED,DIST1,1
2008-07-29,ST_1400501,Pump stopped due to failure,PUMPS,STOPPED,DIST1,1
2008-08-24,ST_1400501,Pump stopped due to failure,PUMPS,STOPPED,DIST1,1
2008-01-08,ST_1400502,Pump stopped due to failure,PUMPS,STOPPED,DIST1,1
2008-02-10,ST_1400502,Pump stopped due to failure,PUMPS,STOPPED,DIST1,1
2008-03-11,ST_1400502,Pump stopped due to failure,PUMPS,STOPPED,DIST1,1
2008-04-09,ST_1400502,Pump stopped due to failure,PUMPS,STOPPED,DIST1,1
2008-05-06,ST_1400502,Pump stopped due to failure,PUMPS,STOPPED,DIST1,1
2008-05-18,ST_1400502,Pump stopped due to failure,PUMPS,STOPPED,DIST1,1
2008-06-04,ST_1400502,Pump stopped due to failure,PUMPS,STOPPED,DIST1,1
2008-06-30,ST_1400502,Pump stopped due to failure,PUMPS,STOPPED,DIST1,1
2008-01-24,ST_1400517,Pump stopped due to failure,PUMPS,STOPPED,DIST1,1
2008-02-12,ST_1400517,Pump stopped due to failure,PUMPS,STOPPED,DIST1,1
2008-03-06,ST_1400517,Pump stopped due to failure,PUMPS,STOPPED,DIST1,1
2008-04-10,ST_1400517,Pump stopped due to failure,PUMPS,STOPPED,DIST1,1
2008-05-07,ST_1400517,Pump stopped due to failure,PUMPS,STOPPED,DIST1,1
2008-05-31,ST_1400517,Pump stopped due to failure,PUMPS,STOPPED,DIST1,1
2008-06-25,ST_1400517,Pump stopped due to failure,PUMPS,STOPPED,DIST1,1
2008-07-25,ST_1400517,Pump stopped due to failure,PUMPS,STOPPED,DIST1,1
2008-01-21,ST_1400518,Pump stopped due to failure,PUMPS,STOPPED,DIST1,1
2008-02-20,ST_1400518,Pump stopped due to failure,PUMPS,STOPPED,DIST1,1
2008-03-10,ST_1400518,Pump stopped due to failure,PUMPS,STOPPED,DIST1,1
2008-04-06,ST_1400518,Pump stopped due to failure,PUMPS,STOPPED,DIST1,1
2008-04-19,ST_1400518,Pump stopped due to failure,PUMPS,STOPPED,DIST1,1
2008-05-10,ST_1400518,Pump stopped due to failure,PUMPS,STOPPED,DIST1,1
2008-06-14,ST_1400518,Pump stopped due to failure,PUMPS,STOPPED,DIST1,1
2008-06-26,ST_1400518,Pump stopped due to failure,PUMPS,STOPPED,DIST1,1
2008-07-29,ST_1400518,Pump stopped due to failure,PUMPS,STOPPED,DIST1,1
2008-08-24,ST_1400518,Pump stopped due to failure,PUMPS,STOPPED,DIST1,1
2008-01-08,ST_1400519,Pump stopped due to failure,PUMPS,STOPPED,DIST1,1
2008-02-10,ST_1400519,Pump stopped due to failure,PUMPS,STOPPED,DIST1,1
2008-03-11,ST_1400519,Pump stopped due to failure,PUMPS,STOPPED,DIST1,1
2008-04-09,ST_1400519,Pump stopped due to failure,PUMPS,STOPPED,DIST1,1
2008-05-18,ST_1400519,Pump stopped due to failure,PUMPS,STOPPED,DIST1,1
2008-06-04,ST_1400519,Pump stopped due to failure,PUMPS,STOPPED,DIST1,1
2008-06-30,ST_1400519,Pump stopped due to failure,PUMPS,STOPPED,DIST1,1

