GROUPNAME,METERNAME,METERTYPE,DOMAINID,DESCRIPTION
ST_MG,B-CONDIT,特性,CONDITION,Bushing Condition
ST_MG,OIL-LEAKS,特性,CONDITION,Oil Leaks
ST_MG,MAIN-TCC,特性,CONDITION,Main Tank/Cabinets and Controls
ST_MG,CO-PRES,特性,CONDITION,Conservator/Oil Preservation System (Airbag Integrity)
ST_MG,RC-SYS,特性,CONDITION,Radiators/Cooling System
ST_MG,FS-SG,特性,CONDITION,Foundation/Support Steel/Ground
ST_MG,OVER-PT,特性,CONDITION,Overall Power Transformer
ST_MG,WINDDT,特性,CONDITION,Winding Doble Test
ST_MG,OIL-QT,特性,CONDITION,Oil Quality Test
ST_MG,ST-THERM,特性,CONDITION,ST Thermograph (IR)
ST_MG,B-DGAOA,特性,CONDITION,Bushing DGA Oil Analysis
ST_MG,FUR-OA,特性,CONDITION,Furan Oil Analysis
ST_MG,TANK-CON,特性,CONDITION,Tank Condition
ST_MG,TANK-L,特性,CONDITION,Tank Leaks
ST_MG,GS-PR,特性,CONDITION,Gaskets Seals and Pressure Relief
ST_MG,LTC-CMC,特性,CONDITION,LTC Control and Mechanism Cabinet
ST_MG,CTRMEC-CO,特性,CONDITION,Control and Mechanisms Cabinet Component and operation
ST_MG,OVER-TCC,特性,CONDITION,Overall Tap Changer Condition
ST_MG,TC-OQT,特性,CONDITION,TC Oil Quality Tests
ST_MG,TC-QT,特性,CONDITION,
ST_MG,DGAR-H2,ゲージ,,DGARAW H2
ST_MG,DGAR-CH4,ゲージ,,DGARAW CH4
ST_MG,DGAR-C2H4,ゲージ,,DGARAW C2H4
ST_MG,DGAR-C2H6,ゲージ,,DGARAW C2H6
ST_MG,DGAR-C2H2,ゲージ,,DGARAW C2H2
ST_MG,DGAR-CO,ゲージ,,DGARAW CO
ST_MG,DGAR-CO2,ゲージ,,DGARAW CO2
ST_MG,DGAR-C3H6,ゲージ,,DGARAW C3H6
ST_MG,DGAR-C3H5,ゲージ,,DGARAW C3H5
ST_MG,DGAR-C4,ゲージ,,DGARAW C4
ST_MG,DGAR-N2,ゲージ,,DGARAW N2
ST_MG,DGAR-O2,ゲージ,,DGARAW O2
