CLASSIFICATIONID,ASSETATTRID,DATATYPE,UNIT
CircuitBreaker,numberOfCustomers,NUMERIC,
CircuitBreaker,Feeder,ALN,
CircuitBreaker,Subtype,ALN,
DistributionTransformer,numberOfCustomers,NUMERIC,
DistributionTransformer,Feeder,ALN,
InstrumentTransformer,numberOfCustomers,NUMERIC,
InstrumentTransformer,Feeder,ALN,
SubstationTransformer,numberOfCustomers,NUMERIC,
SubstationTransformer,Feeder,ALN,
Switchgear,numberOfCustomers,NUMERIC,
Switchgear,Feeder,ALN,
OverheadTransmissionWire,numberOfCustomers,NUMERIC,
OverheadTransmissionWire,Feeder,ALN,
Feeder,numberOfCustomers,NUMERIC,
Substation,numberOfCustomers,NUMERIC,
Pump,numberOfCustomers,NUMERIC,